{"stats":{"minecraft:used":{"minecraft:birch_planks":43,"minecraft:stone_pickaxe":90,"minecraft:oak_planks":13,"minecraft:shield":49,"minecraft:wooden_pickaxe":59,"minecraft:iron_sword":101,"minecraft:blue_bed":2,"minecraft:iron_chestplate":1,"minecraft:white_wool":4,"minecraft:torch":1,"minecraft:dirt":15,"minecraft:crafting_table":5,"minecraft:crossbow":1,"minecraft:white_bed":4,"minecraft:dark_oak_log":2,"minecraft:bread":22,"minecraft:iron_pickaxe":1,"minecraft:stone_axe":128,"minecraft:wooden_sword":38,"minecraft:cobblestone":64,"minecraft:oak_sapling":1,"minecraft:cooked_porkchop":8,"minecraft:furnace":3,"minecraft:dark_oak_fence":2,"alexsmobs:animal_dictionary":2,"minecraft:iron_leggings":1},"minecraft:crafted":{"minecraft:cooked_beef":13,"minecraft:wooden_sword":1,"minecraft:oak_planks":24,"minecraft:cooked_porkchop":11,"minecraft:leather_boots":1,"minecraft:crafting_table":1,"minecraft:spruce_planks":48,"minecraft:wooden_pickaxe":1,"minecraft:birch_planks":56,"minecraft:stone_axe":2,"minecraft:cooked_mutton":15,"minecraft:air":0,"minecraft:stick":16,"minecraft:leather_chestplate":1,"minecraft:iron_pickaxe":1,"minecraft:stone_pickaxe":1,"minecraft:white_bed":2,"minecraft:torch":20},"minecraft:dropped":{"minecraft:cooked_beef":13,"minecraft:crossbow":7,"minecraft:cobblestone":64,"minecraft:rotten_flesh":3,"minecraft:iron_boots":1,"ancient_elements:raw_lead":1,"minecraft:poppy":1,"minecraft:dirt":2,"minecraft:diamond_chestplate":1,"minecraft:dark_oak_fence":2,"minecraft:leather_boots":1,"minecraft:wooden_sword":2,"minecraft:arrow":1,"minecraft:iron_pickaxe":1},"minecraft:picked_up":{"minecraft:birch_log":14,"minecraft:charcoal":2,"minecraft:iron_chestplate":1,"minecraft:crafting_table":5,"minecraft:chicken":1,"minecraft:leather":11,"minecraft:birch_planks":43,"ancient_elements:raw_lead":1,"minecraft:oak_log":6,"minecraft:shield":1,"minecraft:map":1,"minecraft:dirt":17,"minecraft:blue_bed":3,"minecraft:white_banner":4,"minecraft:wooden_sword":1,"minecraft:iron_leggings":2,"minecraft:iron_ingot":3,"minecraft:beef":13,"minecraft:poppy":1,"minecraft:iron_pickaxe":1,"minecraft:oak_planks":9,"minecraft:iron_sword":1,"minecraft:iron_boots":1,"minecraft:furnace":7,"minecraft:torch":8,"minecraft:porkchop":11,"ancient_elements:raw_tin":4,"minecraft:white_bed":2,"minecraft:spruce_log":12,"minecraft:dark_oak_log":2,"minecraft:arrow":1,"minecraft:diamond_chestplate":1,"minecraft:rotten_flesh":3,"minecraft:hay_block":12,"minecraft:iron_helmet":1,"minecraft:crossbow":7,"minecraft:bread":5,"minecraft:oak_sapling":1,"minecraft:dark_oak_fence":4,"minecraft:mutton":15,"minecraft:coal":61,"minecraft:white_wool":10,"minecraft:cobblestone":148},"minecraft:custom":{"minecraft:interact_with_smithing_table":1,"minecraft:interact_with_furnace":26,"minecraft:mob_kills":66,"minecraft:interact_with_cartography_table":2,"minecraft:interact_with_crafting_table":12,"minecraft:raid_trigger":1,"minecraft:leave_game":1,"minecraft:time_since_death":75689,"minecraft:sleep_in_bed":7,"minecraft:climb_one_cm":316,"minecraft:time_since_rest":1104,"minecraft:sprint_one_cm":270122,"minecraft:damage_taken":1438,"minecraft:walk_one_cm":350713,"minecraft:damage_blocked_by_shield":1340,"minecraft:drop":24,"minecraft:damage_dealt":10455,"minecraft:talked_to_villager":4,"minecraft:fly_one_cm":141008,"minecraft:raid_win":1,"minecraft:open_chest":15,"minecraft:crouch_one_cm":2911,"minecraft:play_time":75689,"minecraft:sneak_time":851,"minecraft:jump":1022,"minecraft:walk_on_water_one_cm":517,"minecraft:total_world_time":75689,"minecraft:fall_one_cm":27006},"minecraft:killed":{"minecraft:pig":4,"alexsmobs:raccoon":1,"minecraft:iron_golem":1,"alexsmobs:snow_leopard":1,"alexsmobs:tasmanian_devil":1,"minecraft:sheep":10,"minecraft:pillager":37,"minecraft:zombie":2,"minecraft:chicken":1,"minecraft:cow":7},"minecraft:broken":{"minecraft:stone_axe":1,"minecraft:iron_sword":1,"minecraft:iron_leggings":1,"minecraft:wooden_pickaxe":1},"minecraft:mined":{"minecraft:white_bed":2,"ancient_elements:lead_ore":1,"minecraft:crafting_table":5,"minecraft:torch":6,"minecraft:dark_oak_fence":4,"minecraft:grass_block":6,"minecraft:cobblestone":1,"minecraft:spruce_leaves":2,"minecraft:oak_planks":10,"minecraft:wall_torch":2,"minecraft:blue_bed":3,"minecraft:hay_block":12,"minecraft:birch_planks":43,"minecraft:furnace":7,"minecraft:birch_log":12,"minecraft:ice":1,"minecraft:spruce_log":13,"ancient_elements:tin_ore":4,"minecraft:grass":5,"minecraft:oak_log":6,"minecraft:coal_ore":43,"minecraft:dirt":9,"minecraft:stone":90,"minecraft:oak_leaves":3}},"DataVersion":3465}