{"stats":{"minecraft:used":{"minecraft:birch_planks":47,"minecraft:stone_pickaxe":132,"minecraft:oak_planks":23,"minecraft:shield":53,"minecraft:wooden_pickaxe":59,"minecraft:iron_sword":101,"minecraft:blue_bed":4,"minecraft:iron_chestplate":1,"minecraft:white_wool":4,"minecraft:torch":7,"minecraft:dirt":32,"minecraft:crafting_table":5,"minecraft:crossbow":1,"minecraft:white_bed":4,"minecraft:dark_oak_log":2,"minecraft:bread":23,"minecraft:iron_pickaxe":103,"minecraft:spruce_sapling":2,"minecraft:stone_axe":135,"minecraft:wooden_sword":38,"minecraft:cobblestone":106,"minecraft:oak_sapling":1,"minecraft:cooked_porkchop":11,"minecraft:furnace":3,"minecraft:dark_oak_fence":2,"alexsmobs:animal_dictionary":2,"minecraft:pointed_dripstone":2,"minecraft:iron_leggings":1},"minecraft:crafted":{"minecraft:cooked_beef":13,"minecraft:wooden_sword":1,"minecraft:oak_planks":24,"minecraft:cooked_porkchop":11,"minecraft:leather_boots":1,"minecraft:crafting_table":1,"minecraft:spruce_planks":52,"minecraft:wooden_pickaxe":1,"minecraft:birch_planks":56,"minecraft:stone_axe":2,"minecraft:cooked_mutton":15,"minecraft:air":0,"minecraft:stick":16,"minecraft:leather_chestplate":1,"minecraft:iron_pickaxe":1,"minecraft:stone_pickaxe":1,"minecraft:white_bed":2,"minecraft:torch":20},"minecraft:dropped":{"minecraft:cooked_beef":13,"minecraft:crossbow":7,"minecraft:cobblestone":64,"minecraft:rotten_flesh":3,"minecraft:iron_boots":1,"ancient_elements:raw_lead":1,"minecraft:poppy":1,"minecraft:dirt":2,"minecraft:diamond_chestplate":1,"minecraft:dark_oak_fence":2,"minecraft:leather_boots":1,"minecraft:wooden_sword":2,"minecraft:arrow":1,"minecraft:iron_pickaxe":1},"minecraft:picked_up":{"minecraft:birch_log":14,"minecraft:charcoal":2,"minecraft:iron_chestplate":1,"minecraft:crafting_table":5,"minecraft:chicken":1,"minecraft:leather":11,"minecraft:birch_planks":43,"ancient_elements:raw_lead":1,"minecraft:oak_log":6,"minecraft:shield":1,"minecraft:map":1,"minecraft:dirt":48,"minecraft:blue_bed":5,"minecraft:white_banner":4,"minecraft:wooden_sword":1,"minecraft:iron_leggings":2,"alexscaves:guano":6,"minecraft:iron_ingot":3,"minecraft:beef":13,"minecraft:poppy":1,"minecraft:iron_pickaxe":1,"minecraft:oak_planks":9,"minecraft:iron_sword":1,"minecraft:iron_boots":1,"minecraft:furnace":7,"minecraft:raw_iron":87,"minecraft:torch":10,"minecraft:porkchop":11,"ancient_elements:raw_tin":4,"minecraft:spruce_sapling":2,"minecraft:pointed_dripstone":2,"minecraft:white_bed":2,"minecraft:spruce_log":13,"minecraft:dark_oak_log":2,"minecraft:arrow":1,"minecraft:diamond_chestplate":1,"minecraft:rotten_flesh":3,"minecraft:hay_block":12,"minecraft:iron_helmet":1,"minecraft:crossbow":7,"minecraft:emerald":1,"minecraft:bread":5,"minecraft:oak_sapling":1,"minecraft:dark_oak_fence":4,"minecraft:mutton":15,"minecraft:coal":84,"minecraft:white_wool":10,"minecraft:cobblestone":179},"minecraft:custom":{"minecraft:interact_with_smithing_table":1,"minecraft:interact_with_furnace":26,"minecraft:mob_kills":67,"minecraft:interact_with_cartography_table":2,"minecraft:interact_with_crafting_table":12,"minecraft:raid_trigger":1,"minecraft:leave_game":1,"minecraft:time_since_death":111689,"minecraft:sleep_in_bed":9,"minecraft:climb_one_cm":2252,"minecraft:time_since_rest":10597,"minecraft:sprint_one_cm":388398,"minecraft:damage_taken":1619,"minecraft:walk_one_cm":491008,"minecraft:damage_blocked_by_shield":1390,"minecraft:drop":24,"minecraft:damage_dealt":10705,"minecraft:talked_to_villager":4,"minecraft:fly_one_cm":230758,"minecraft:raid_win":1,"minecraft:open_chest":18,"minecraft:crouch_one_cm":6166,"minecraft:play_time":111689,"minecraft:sneak_time":2071,"minecraft:jump":1930,"minecraft:walk_on_water_one_cm":517,"minecraft:total_world_time":111689,"minecraft:fall_one_cm":43987},"minecraft:killed":{"minecraft:pig":4,"alexsmobs:raccoon":1,"alexscaves:vesper":1,"minecraft:iron_golem":1,"alexsmobs:snow_leopard":1,"alexsmobs:tasmanian_devil":1,"minecraft:sheep":10,"minecraft:pillager":37,"minecraft:zombie":2,"minecraft:chicken":1,"minecraft:cow":7},"minecraft:mined":{"minecraft:white_bed":2,"ancient_elements:lead_ore":1,"minecraft:powder_snow":31,"minecraft:emerald_ore":1,"minecraft:crafting_table":5,"minecraft:torch":8,"minecraft:dark_oak_fence":4,"minecraft:grass_block":6,"minecraft:cobblestone":2,"minecraft:spruce_leaves":20,"minecraft:oak_planks":10,"minecraft:wall_torch":2,"minecraft:blue_bed":5,"minecraft:hay_block":12,"minecraft:birch_planks":43,"minecraft:spruce_sapling":1,"minecraft:furnace":7,"minecraft:birch_log":12,"minecraft:iron_ore":88,"minecraft:ice":1,"minecraft:spruce_log":14,"ancient_elements:tin_ore":4,"minecraft:grass":5,"minecraft:pointed_dripstone":2,"minecraft:oak_log":6,"minecraft:coal_ore":65,"alexscaves:guano_layer":1,"minecraft:dirt":40,"minecraft:stone":115,"minecraft:oak_leaves":3},"minecraft:broken":{"minecraft:stone_pickaxe":1,"minecraft:stone_axe":1,"minecraft:iron_sword":1,"minecraft:iron_leggings":1,"minecraft:wooden_pickaxe":1}},"DataVersion":3465}