{"stats":{"minecraft:used":{"minecraft:birch_planks":43,"minecraft:stone_pickaxe":23,"minecraft:bread":7,"minecraft:oak_planks":13,"minecraft:wooden_pickaxe":59,"minecraft:torch":1,"minecraft:stone_axe":67,"minecraft:wooden_sword":38,"minecraft:dirt":10,"minecraft:crafting_table":3,"minecraft:white_bed":3,"alexsmobs:animal_dictionary":2,"minecraft:iron_leggings":1},"minecraft:crafted":{"minecraft:wooden_sword":1,"minecraft:oak_planks":24,"minecraft:crafting_table":1,"minecraft:stick":12,"minecraft:wooden_pickaxe":1,"minecraft:stone_pickaxe":1,"minecraft:white_bed":1,"minecraft:torch":20,"minecraft:birch_planks":56,"minecraft:stone_axe":1},"minecraft:dropped":{"minecraft:rotten_flesh":1,"minecraft:wooden_sword":2},"minecraft:picked_up":{"minecraft:birch_log":14,"minecraft:charcoal":2,"minecraft:crafting_table":3,"minecraft:leather":11,"minecraft:birch_planks":43,"minecraft:porkchop":11,"minecraft:oak_log":6,"minecraft:white_bed":2,"minecraft:blue_bed":1,"minecraft:dirt":10,"minecraft:wooden_sword":1,"minecraft:iron_leggings":1,"minecraft:rotten_flesh":1,"minecraft:beef":13,"minecraft:bread":5,"minecraft:coal":6,"minecraft:oak_planks":9,"minecraft:mutton":15,"minecraft:white_wool":10,"minecraft:cobblestone":66,"minecraft:furnace":4},"minecraft:custom":{"minecraft:time_since_rest":9830,"minecraft:interact_with_smithing_table":1,"minecraft:sprint_one_cm":58416,"minecraft:damage_taken":274,"minecraft:walk_one_cm":135952,"minecraft:mob_kills":23,"minecraft:drop":3,"minecraft:damage_dealt":2136,"minecraft:talked_to_villager":1,"minecraft:interact_with_crafting_table":5,"minecraft:fly_one_cm":21652,"minecraft:open_chest":6,"minecraft:crouch_one_cm":261,"minecraft:play_time":27689,"minecraft:sneak_time":222,"minecraft:jump":270,"minecraft:leave_game":1,"minecraft:time_since_death":27689,"minecraft:sleep_in_bed":2,"minecraft:total_world_time":27689,"minecraft:fall_one_cm":5606},"minecraft:killed":{"minecraft:sheep":10,"minecraft:pig":4,"alexsmobs:raccoon":1,"alexsmobs:tasmanian_devil":1,"minecraft:cow":7},"minecraft:broken":{"minecraft:iron_leggings":1,"minecraft:wooden_pickaxe":1},"minecraft:mined":{"minecraft:birch_planks":43,"minecraft:white_bed":2,"minecraft:furnace":4,"minecraft:birch_log":12,"minecraft:crafting_table":3,"minecraft:coal_ore":6,"minecraft:grass":4,"minecraft:grass_block":6,"minecraft:oak_log":6,"minecraft:dirt":4,"minecraft:stone":69,"minecraft:oak_planks":10,"minecraft:blue_bed":1}},"DataVersion":3465}