{"stats":{"minecraft:used":{"alexsmobs:animal_dictionary":2,"minecraft:iron_leggings":1},"minecraft:crafted":{"minecraft:birch_planks":8,"minecraft:oak_planks":24},"minecraft:picked_up":{"minecraft:birch_log":2,"minecraft:iron_leggings":1,"minecraft:oak_log":6,"minecraft:bread":5},"minecraft:custom":{"minecraft:jump":9,"minecraft:time_since_rest":3689,"minecraft:sprint_one_cm":2398,"minecraft:leave_game":1,"minecraft:play_time":3689,"minecraft:damage_taken":70,"minecraft:time_since_death":3689,"minecraft:walk_one_cm":14864,"minecraft:sneak_time":21,"minecraft:total_world_time":3689,"minecraft:fall_one_cm":967,"minecraft:fly_one_cm":454,"minecraft:damage_dealt":6,"minecraft:crouch_one_cm":14},"minecraft:mined":{"minecraft:oak_log":6}},"DataVersion":3465}