{"stats":{"minecraft:used":{"minecraft:water_bucket":22,"minecraft:diorite":3,"minecraft:spruce_planks":353,"minecraft:diamond_axe":116,"minecraft:grass":3,"minecraft:torch":14,"minecraft:dirt":1314,"minecraft:spyglass":7,"minecraft:crafting_table":2,"minecraft:spruce_fence":2,"travelersbackpack:iron":1,"minecraft:tuff":5,"minecraft:black_bed":5,"minecraft:granite":44,"minecraft:snowball":1,"minecraft:diamond_pickaxe":119,"minecraft:diamond_shovel":459,"minecraft:bread":35,"minecraft:iron_pickaxe":3613,"minecraft:gravel":1,"minecraft:cobblestone":81,"travelersbackpack:standard":23,"minecraft:furnace":1,"minecraft:bucket":22,"alexsmobs:animal_dictionary":1,"minecraft:dandelion":2},"minecraft:crafted":{"minecraft:crafting_table":2,"minecraft:spruce_planks":512,"minecraft:furnace":1,"minecraft:spruce_fence":39,"minecraft:air":0,"minecraft:stick":56,"minecraft:iron_ingot":15,"minecraft:torch":32},"minecraft:killed_by":{"alexsmobs:bison":1,"alexsmobs:tusklin":1},"minecraft:picked_up":{"minecraft:crafting_table":3,"minecraft:azure_bluet":5,"minecraft:andesite":126,"minecraft:black_bed":4,"minecraft:potion":1,"minecraft:flint":5,"minecraft:tuff":209,"ancient_elements:raw_palladium":6,"minecraft:gunpowder":3,"minecraft:lapis_lazuli":65,"minecraft:cornflower":1,"minecraft:dirt":610,"minecraft:raw_copper":172,"minecraft:iron_leggings":1,"minecraft:leather_boots":1,"minecraft:bone":7,"travelersbackpack:backpack_tank":1,"minecraft:wheat_seeds":10,"minecraft:cobbled_deepslate":1136,"minecraft:raw_gold":34,"minecraft:spruce_planks":15,"celestisynth:lunar_stone":8,"minecraft:iron_pickaxe":21,"minecraft:glass_bottle":1,"minecraft:sugar_cane":3,"minecraft:iron_sword":1,"minecraft:furnace":1,"minecraft:raw_iron":92,"minecraft:torch":2,"minecraft:dandelion":4,"minecraft:spyglass":1,"minecraft:raw_iron_block":1,"minecraft:dripstone_block":6,"minecraft:gravel":16,"ancient_elements:raw_tin":19,"minecraft:diorite":111,"minecraft:redstone":63,"minecraft:prismarine_crystals":18,"celestisynth:wintereis_shard":133,"travelersbackpack:iron":2,"travelersbackpack:standard":5,"minecraft:arrow":4,"minecraft:rotten_flesh":10,"minecraft:sugar":2,"minecraft:diamond":146,"minecraft:tropical_fish":4,"minecraft:granite":152,"minecraft:snowball":1,"minecraft:cobblestone":505,"minecraft:oxeye_daisy":1},"minecraft:dropped":{"minecraft:gravel":3,"minecraft:cobbled_deepslate":101,"minecraft:crafting_table":1,"minecraft:dripstone_block":6,"minecraft:cobblestone":38,"minecraft:rotten_flesh":2,"minecraft:granite":22,"minecraft:tropical_fish":2,"travelersbackpack:standard":5,"travelersbackpack:iron":1,"minecraft:dirt":1,"minecraft:grass":1,"minecraft:diorite":54,"travelersbackpack:backpack_tank":1,"minecraft:bone":1,"minecraft:redstone":1},"minecraft:custom":{"minecraft:interact_with_furnace":4,"minecraft:mob_kills":31,"minecraft:interact_with_crafting_table":8,"minecraft:leave_game":3,"minecraft:time_since_death":7605,"minecraft:sleep_in_bed":7,"minecraft:time_since_rest":7488,"minecraft:sprint_one_cm":183054,"minecraft:damage_taken":2329,"minecraft:walk_one_cm":401274,"minecraft:drop":32,"minecraft:damage_dealt":6696,"minecraft:swim_one_cm":473,"minecraft:fly_one_cm":360696,"minecraft:crouch_one_cm":22789,"minecraft:play_time":191541,"minecraft:sneak_time":5611,"minecraft:deaths":4,"minecraft:walk_under_water_one_cm":5770,"minecraft:jump":2010,"minecraft:walk_on_water_one_cm":11236,"minecraft:total_world_time":191541,"minecraft:fall_one_cm":52351},"minecraft:killed":{"minecraft:witch":2,"minecraft:creeper":4,"minecraft:skeleton":6,"minecraft:zombie":15,"alexsmobs:crow":1,"alexsmobs:tusklin":1,"minecraft:enderman":1,"minecraft:cow":1},"minecraft:broken":{"minecraft:iron_pickaxe":14},"minecraft:mined":{"minecraft:deepslate_redstone_ore":15,"minecraft:diamond_ore":5,"minecraft:tuff":355,"minecraft:spruce_planks":15,"minecraft:deepslate_diamond_ore":142,"minecraft:dandelion":2,"minecraft:sea_lantern":10,"minecraft:crafting_table":2,"minecraft:glow_lichen":1,"minecraft:granite":149,"minecraft:grass_block":449,"celestisynth:wintereis":47,"ancient_elements:deepslate_tin_ore":18,"minecraft:copper_ore":39,"minecraft:tall_grass":2,"minecraft:cobblestone":4,"minecraft:lapis_ore":6,"minecraft:deepslate_gold_ore":30,"minecraft:sugar_cane":1,"minecraft:diorite":57,"minecraft:wall_torch":2,"minecraft:deepslate_copper_ore":13,"minecraft:raw_iron_block":1,"minecraft:furnace":1,"minecraft:iron_ore":26,"minecraft:ice":27,"minecraft:andesite":141,"ancient_elements:tin_ore":1,"celestisynth:lunar_stone":10,"minecraft:black_bed":4,"minecraft:deepslate_lapis_ore":4,"minecraft:azure_bluet":1,"minecraft:grass":61,"minecraft:dirt_path":2,"minecraft:deepslate_iron_ore":72,"ancient_elements:palladium_ore":6,"minecraft:gravel":66,"minecraft:dripstone_block":13,"minecraft:dirt":203,"minecraft:stone":638,"minecraft:gold_ore":4,"minecraft:deepslate":1762}},"DataVersion":3465}