{"stats":{"minecraft:mined":{"minecraft:diamond_ore":5,"minecraft:tuff":355,"minecraft:spruce_planks":404,"minecraft:farmland":3,"minecraft:deepslate_diamond_ore":142,"minecraft:dark_oak_log":4,"minecraft:sea_lantern":10,"minecraft:glow_lichen":1,"minecraft:granite":149,"minecraft:dark_oak_fence":8,"minecraft:grass_block":533,"minecraft:spruce_fence":4,"minecraft:cartography_table":1,"minecraft:hay_block":2,"minecraft:raw_iron_block":1,"minecraft:magma_block":3,"minecraft:furnace":1,"minecraft:carrots":6,"minecraft:iron_ore":26,"minecraft:fire":1,"minecraft:snow":1,"minecraft:andesite":141,"ancient_elements:tin_ore":1,"minecraft:pumpkin":19,"minecraft:deepslate_lapis_ore":4,"minecraft:azure_bluet":1,"minecraft:deepslate_iron_ore":72,"minecraft:dirt_path":2,"ancient_elements:palladium_ore":6,"minecraft:stone":663,"minecraft:spruce_slab":1,"minecraft:smithing_table":1,"minecraft:deepslate_redstone_ore":15,"minecraft:spruce_door":1,"minecraft:dandelion":6,"minecraft:crafting_table":2,"minecraft:blast_furnace":1,"celestisynth:wintereis":47,"minecraft:campfire":1,"minecraft:glass":2,"ancient_elements:deepslate_tin_ore":18,"minecraft:copper_ore":39,"minecraft:tall_grass":26,"minecraft:cobblestone":4,"minecraft:lapis_ore":6,"minecraft:deepslate_gold_ore":30,"minecraft:sugar_cane":2,"minecraft:diorite":57,"minecraft:wall_torch":5,"minecraft:deepslate_copper_ore":13,"minecraft:spruce_stairs":95,"minecraft:birch_log":2,"minecraft:wheat":26,"minecraft:ice":27,"celestisynth:lunar_stone":10,"minecraft:black_bed":4,"minecraft:grass":339,"minecraft:oak_log":1,"minecraft:gravel":66,"minecraft:dripstone_block":13,"minecraft:dirt":271,"minecraft:gold_ore":4,"minecraft:oak_leaves":4,"minecraft:deepslate":1762},"minecraft:broken":{"minecraft:iron_pickaxe":14},"minecraft:killed":{"minecraft:witch":2,"minecraft:spider":3,"minecraft:vindicator":3,"minecraft:skeleton":9,"alexsmobs:tusklin":1,"alexsmobs:grizzly_bear":1,"minecraft:ravager":1,"minecraft:creeper":4,"minecraft:pillager":28,"minecraft:zombie":15,"alexsmobs:crow":2,"minecraft:cow":1,"minecraft:enderman":1},"minecraft:used":{"minecraft:spruce_slab":1,"minecraft:chest":4,"minecraft:spruce_planks":1388,"minecraft:shield":24,"minecraft:grass":3,"minecraft:torch":26,"minecraft:dirt":1466,"minecraft:spyglass":19,"minecraft:spruce_stairs":236,"minecraft:carrot":24,"travelersbackpack:iron":1,"minecraft:tuff":5,"minecraft:granite":44,"minecraft:spruce_fence":43,"minecraft:snowball":2,"minecraft:glass":32,"minecraft:iron_hoe":47,"minecraft:lava_bucket":14,"minecraft:grass_block":8,"ancient_elements:meteorite_ore":1,"minecraft:bow":20,"minecraft:furnace":1,"minecraft:cooked_beef":8,"minecraft:wheat_seeds":51,"minecraft:water_bucket":81,"minecraft:diorite":3,"minecraft:spruce_door":3,"minecraft:sugar_cane":21,"minecraft:diamond_axe":770,"minecraft:crafting_table":3,"minecraft:blast_furnace":1,"minecraft:crossbow":1,"minecraft:black_bed":5,"minecraft:diamond_pickaxe":145,"minecraft:diamond_shovel":612,"minecraft:dark_oak_log":2,"minecraft:bread":64,"minecraft:iron_pickaxe":3619,"minecraft:gravel":1,"minecraft:cobblestone":191,"travelersbackpack:standard":42,"minecraft:bucket":74,"alexsmobs:animal_dictionary":1,"minecraft:dandelion":2},"minecraft:killed_by":{"minecraft:pillager":1,"alexsmobs:bison":1,"alexsmobs:tusklin":1,"minecraft:skeleton":1},"minecraft:picked_up":{"minecraft:crafting_table":3,"minecraft:wheat":26,"minecraft:azure_bluet":5,"minecraft:smithing_table":1,"minecraft:potion":1,"minecraft:shield":1,"ancient_elements:raw_palladium":6,"minecraft:cornflower":1,"minecraft:string":5,"minecraft:raw_copper":172,"minecraft:iron_leggings":3,"minecraft:cartography_table":1,"minecraft:cobbled_deepslate":1136,"minecraft:spruce_planks":400,"celestisynth:lunar_stone":8,"minecraft:spruce_slab":1,"minecraft:iron_pickaxe":24,"minecraft:sugar_cane":4,"minecraft:furnace":1,"minecraft:raw_iron":92,"minecraft:torch":7,"minecraft:spruce_stairs":93,"minecraft:spruce_fence":4,"ancient_elements:raw_tin":19,"minecraft:diorite":111,"minecraft:carrot":21,"minecraft:redstone":63,"minecraft:prismarine_crystals":18,"celestisynth:wintereis_shard":133,"travelersbackpack:iron":2,"minecraft:diamond_chestplate":1,"minecraft:arrow":10,"minecraft:rotten_flesh":11,"minecraft:tropical_fish":4,"minecraft:hay_block":2,"minecraft:saddle":2,"minecraft:snowball":2,"minecraft:cobblestone":633,"minecraft:oxeye_daisy":1,"minecraft:magma_block":2,"minecraft:feather":1,"minecraft:cooked_beef":13,"minecraft:andesite":126,"minecraft:black_bed":4,"alexsmobs:bear_fur":2,"minecraft:flint":5,"minecraft:tuff":209,"minecraft:gunpowder":3,"minecraft:lapis_lazuli":65,"minecraft:dirt":763,"minecraft:white_banner":5,"minecraft:leather_boots":1,"minecraft:bone":15,"travelersbackpack:backpack_tank":1,"minecraft:wheat_seeds":109,"minecraft:raw_gold":34,"ancient_elements:raw_meteorite":1,"minecraft:glass_bottle":1,"minecraft:iron_sword":1,"minecraft:pumpkin":19,"minecraft:dandelion":8,"minecraft:spyglass":1,"minecraft:raw_iron_block":1,"minecraft:dripstone_block":6,"minecraft:gravel":16,"minecraft:blast_furnace":1,"minecraft:spruce_door":1,"minecraft:dark_oak_log":2,"travelersbackpack:standard":5,"minecraft:sugar":2,"minecraft:diamond":146,"minecraft:granite":152,"minecraft:crossbow":3,"minecraft:emerald":2,"minecraft:bread":1,"minecraft:dark_oak_fence":5},"minecraft:custom":{"minecraft:interact_with_smithing_table":1,"minecraft:mob_kills":76,"minecraft:interact_with_crafting_table":28,"minecraft:leave_game":8,"minecraft:time_since_death":145110,"minecraft:damage_resisted":508,"minecraft:sprint_one_cm":462083,"minecraft:walk_one_cm":895292,"minecraft:damage_blocked_by_shield":745,"minecraft:drop":59,"minecraft:talked_to_villager":1,"minecraft:raid_win":1,"minecraft:play_time":414945,"minecraft:sneak_time":14630,"minecraft:deaths":6,"minecraft:walk_under_water_one_cm":13090,"minecraft:jump":3995,"minecraft:interact_with_blast_furnace":4,"minecraft:walk_on_water_one_cm":23218,"minecraft:total_world_time":414945,"minecraft:interact_with_furnace":7,"minecraft:sleep_in_bed":21,"minecraft:time_since_rest":14004,"minecraft:damage_taken":4456,"minecraft:damage_dealt":16430,"minecraft:swim_one_cm":27550,"minecraft:fly_one_cm":787582,"minecraft:open_chest":39,"minecraft:crouch_one_cm":69044,"minecraft:fall_one_cm":111528},"minecraft:crafted":{"minecraft:furnace":1,"minecraft:spruce_fence":135,"minecraft:spruce_stairs":196,"minecraft:bow":1,"minecraft:iron_boots":1,"minecraft:spruce_slab":6,"minecraft:iron_hoe":1,"minecraft:chest":4,"minecraft:dark_oak_planks":12,"minecraft:wheat":18,"minecraft:crafting_table":2,"minecraft:spruce_planks":1792,"minecraft:iron_helmet":1,"ancient_elements:raw_meteorite":3,"minecraft:bread":7,"minecraft:air":0,"minecraft:shield":2,"minecraft:stick":136,"minecraft:iron_ingot":15,"minecraft:iron_leggings":1,"minecraft:torch":32,"minecraft:diamond_chestplate":2},"minecraft:dropped":{"minecraft:bread":7,"minecraft:iron_sword":1,"minecraft:crafting_table":1,"minecraft:dripstone_block":6,"minecraft:crossbow":1,"minecraft:iron_helmet":1,"minecraft:cobblestone":136,"minecraft:granite":22,"minecraft:tropical_fish":2,"travelersbackpack:standard":5,"minecraft:coal":19,"minecraft:dirt":1,"minecraft:grass":1,"minecraft:diorite":54,"minecraft:iron_leggings":4,"minecraft:iron_pickaxe":3,"minecraft:string":3,"travelersbackpack:backpack_tank":1,"minecraft:bone":1,"minecraft:redstone":1,"minecraft:gravel":3,"minecraft:cobbled_deepslate":101,"minecraft:rotten_flesh":2,"ancient_elements:raw_meteorite":1,"minecraft:iron_boots":1,"travelersbackpack:iron":1,"minecraft:shield":2,"minecraft:diamond_chestplate":1,"minecraft:iron_chestplate":1}},"DataVersion":3465}