{"stats":{"minecraft:crafted":{"minecraft:crafting_table":1,"minecraft:furnace":1,"minecraft:air":0,"minecraft:stick":8,"minecraft:iron_ingot":15},"minecraft:picked_up":{"minecraft:crafting_table":2,"minecraft:andesite":126,"minecraft:black_bed":1,"minecraft:potion":1,"minecraft:flint":5,"minecraft:tuff":209,"ancient_elements:raw_palladium":6,"minecraft:lapis_lazuli":65,"minecraft:dirt":28,"minecraft:raw_copper":172,"minecraft:leather_boots":1,"minecraft:bone":3,"travelersbackpack:backpack_tank":1,"minecraft:cobbled_deepslate":1136,"minecraft:raw_gold":34,"celestisynth:lunar_stone":8,"minecraft:iron_pickaxe":21,"minecraft:iron_sword":1,"minecraft:furnace":1,"minecraft:raw_iron":92,"minecraft:raw_iron_block":1,"minecraft:spyglass":1,"minecraft:dripstone_block":6,"minecraft:gravel":16,"ancient_elements:raw_tin":19,"minecraft:diorite":111,"minecraft:redstone":63,"minecraft:prismarine_crystals":18,"celestisynth:wintereis_shard":133,"travelersbackpack:iron":2,"travelersbackpack:standard":5,"minecraft:arrow":1,"minecraft:sugar":2,"minecraft:rotten_flesh":9,"minecraft:diamond":146,"minecraft:tropical_fish":4,"minecraft:granite":152,"minecraft:snowball":1,"minecraft:cobblestone":498},"minecraft:mined":{"minecraft:deepslate_redstone_ore":15,"minecraft:diamond_ore":5,"minecraft:tuff":355,"minecraft:deepslate_diamond_ore":142,"minecraft:sea_lantern":10,"minecraft:crafting_table":1,"minecraft:glow_lichen":1,"minecraft:granite":149,"minecraft:grass_block":6,"celestisynth:wintereis":47,"ancient_elements:deepslate_tin_ore":18,"minecraft:copper_ore":39,"minecraft:cobblestone":4,"minecraft:deepslate_gold_ore":30,"minecraft:lapis_ore":6,"minecraft:diorite":57,"minecraft:deepslate_copper_ore":13,"minecraft:raw_iron_block":1,"minecraft:furnace":1,"minecraft:iron_ore":26,"minecraft:ice":27,"minecraft:andesite":141,"celestisynth:lunar_stone":10,"ancient_elements:tin_ore":1,"minecraft:black_bed":1,"minecraft:deepslate_lapis_ore":4,"minecraft:grass":3,"minecraft:deepslate_iron_ore":72,"ancient_elements:palladium_ore":6,"minecraft:gravel":66,"minecraft:dripstone_block":13,"minecraft:dirt":65,"minecraft:stone":631,"minecraft:gold_ore":4,"minecraft:deepslate":1762},"minecraft:killed_by":{"alexsmobs:bison":1,"alexsmobs:tusklin":1},"minecraft:broken":{"minecraft:iron_pickaxe":14},"minecraft:custom":{"minecraft:interact_with_furnace":4,"minecraft:mob_kills":18,"minecraft:interact_with_crafting_table":4,"minecraft:leave_game":2,"minecraft:time_since_death":30891,"minecraft:sleep_in_bed":1,"minecraft:time_since_rest":30916,"minecraft:sprint_one_cm":83999,"minecraft:damage_taken":1648,"minecraft:walk_one_cm":128625,"minecraft:drop":31,"minecraft:damage_dealt":4258,"minecraft:swim_one_cm":473,"minecraft:fly_one_cm":153714,"minecraft:crouch_one_cm":3030,"minecraft:play_time":92245,"minecraft:deaths":3,"minecraft:sneak_time":1577,"minecraft:walk_under_water_one_cm":5770,"minecraft:jump":988,"minecraft:walk_on_water_one_cm":9659,"minecraft:total_world_time":92245,"minecraft:fall_one_cm":24818},"minecraft:dropped":{"minecraft:gravel":3,"minecraft:cobbled_deepslate":101,"minecraft:crafting_table":1,"minecraft:dripstone_block":6,"minecraft:cobblestone":38,"minecraft:rotten_flesh":2,"minecraft:granite":22,"minecraft:tropical_fish":2,"travelersbackpack:standard":5,"travelersbackpack:iron":1,"minecraft:grass":1,"minecraft:diorite":54,"travelersbackpack:backpack_tank":1,"minecraft:bone":1,"minecraft:redstone":1},"minecraft:killed":{"minecraft:witch":1,"minecraft:creeper":1,"minecraft:skeleton":2,"minecraft:zombie":10,"alexsmobs:crow":1,"alexsmobs:tusklin":1,"minecraft:enderman":1,"minecraft:cow":1},"minecraft:used":{"minecraft:water_bucket":8,"minecraft:diorite":3,"minecraft:diamond_axe":60,"minecraft:grass":3,"minecraft:dirt":8,"minecraft:spyglass":7,"minecraft:crafting_table":1,"travelersbackpack:iron":1,"minecraft:black_bed":1,"minecraft:tuff":5,"minecraft:granite":44,"minecraft:snowball":1,"minecraft:diamond_pickaxe":119,"minecraft:bread":19,"minecraft:iron_pickaxe":3606,"minecraft:gravel":1,"minecraft:cobblestone":81,"travelersbackpack:standard":2,"minecraft:furnace":1,"minecraft:bucket":8,"alexsmobs:animal_dictionary":1}},"DataVersion":3465}