{"stats":{"minecraft:used":{"minecraft:cherry_sapling":33,"minecraft:spruce_slab":1,"minecraft:diamond_hoe":9,"minecraft:poppy":1,"dragonmounts:spawn_egg":1,"minecraft:chest":19,"minecraft:shield":44,"minecraft:grass":3,"minecraft:nether_bricks":76,"minecraft:carrot":67,"minecraft:pink_terracotta":13,"travelersbackpack:iron":1,"minecraft:tuff":5,"minecraft:snowball":2,"minecraft:obsidian":13,"minecraft:glass":57,"minecraft:lava_bucket":18,"ancient_elements:nether_steel_sword":692,"minecraft:lantern":37,"minecraft:grass_block":13,"ancient_elements:meteorite_ore":1,"minecraft:cherry_leaves":9,"aether:lightning_sword":5,"minecraft:bow":174,"minecraft:furnace":2,"minecraft:potato":14,"minecraft:diorite":3,"minecraft:diamond_boots":2,"minecraft:spruce_door":3,"minecraft:ender_pearl":18,"minecraft:sugar_cane":74,"minecraft:diamond_axe":939,"minecraft:brain_coral":1,"minecraft:blast_furnace":1,"minecraft:crossbow":1,"minecraft:black_bed":5,"minecraft:pumpkin_seeds":7,"aether:blue_aercloud":1,"minecraft:dark_oak_log":2,"minecraft:bread":64,"minecraft:cherry_sign":8,"minecraft:diamond_ore":1,"minecraft:gravel":1,"minecraft:smithing_table":1,"minecraft:crimson_door":3,"minecraft:pink_stained_glass":2,"minecraft:bone_meal":395,"minecraft:purple_wool":9,"minecraft:brain_coral_fan":1,"minecraft:flint_and_steel":1,"minecraft:spruce_planks":1647,"minecraft:ender_chest":2,"minecraft:netherrack":254,"minecraft:torch":26,"minecraft:dragon_egg":2,"minecraft:dirt":1481,"minecraft:spyglass":34,"minecraft:cherry_pressure_plate":5,"minecraft:spruce_stairs":291,"minecraft:diamond_helmet":2,"minecraft:spruce_fence":59,"minecraft:granite":44,"minecraft:purple_stained_glass_pane":9,"minecraft:iron_hoe":47,"dragonmounts:dragon_egg":5,"minecraft:cherry_slab":61,"minecraft:diamond_chestplate":1,"minecraft:glowstone":51,"aether:skyroot_planks":4,"minecraft:cooked_beef":21,"minecraft:cobbled_deepslate":30,"minecraft:cherry_fence":54,"minecraft:iron_leggings":1,"aether:silver_dungeon_key":1,"minecraft:wheat_seeds":83,"minecraft:water_bucket":91,"minecraft:cherry_planks":1335,"minecraft:magenta_stained_glass":2,"minecraft:crafting_table":3,"minecraft:painting":35,"minecraft:smoker":1,"minecraft:purple_stained_glass":83,"minecraft:flower_pot":9,"minecraft:diamond_pickaxe":594,"alexscaves:rusty_scaffolding":23,"minecraft:diamond_shovel":621,"minecraft:cherry_door":7,"minecraft:iron_pickaxe":3647,"ancient_elements:nether_steel_pickaxe":172,"minecraft:cobblestone":468,"aether:golden_parachute":7,"minecraft:cherry_stairs":253,"minecraft:purple_bed":7,"travelersbackpack:standard":53,"minecraft:bucket":86,"alexsmobs:animal_dictionary":1,"minecraft:purple_carpet":22,"minecraft:dandelion":2,"minecraft:diamond_leggings":3,"man_of_many_planes:economy_plane":1},"minecraft:crafted":{"minecraft:iron_boots":1,"minecraft:bow":1,"minecraft:chest":4,"minecraft:crafting_table":2,"minecraft:spruce_planks":2048,"minecraft:iron_helmet":1,"ancient_elements:raw_meteorite":3,"minecraft:copper_ingot":64,"minecraft:shield":2,"minecraft:stick":136,"minecraft:iron_ingot":15,"minecraft:coal":63,"minecraft:furnace":1,"minecraft:spruce_fence":144,"minecraft:flint_and_steel":1,"minecraft:spruce_stairs":196,"minecraft:spruce_slab":6,"minecraft:iron_hoe":1,"minecraft:netherite_scrap":8,"minecraft:dark_oak_planks":12,"aether:skyroot_planks":4,"minecraft:wheat":18,"minecraft:glowstone":12,"minecraft:bread":7,"minecraft:air":0,"minecraft:iron_leggings":1,"minecraft:torch":32,"minecraft:diamond_chestplate":2},"minecraft:killed_by":{"minecraft:pillager":1,"alexsmobs:tusklin":1,"alexsmobs:bison":1,"minecraft:skeleton":1},"minecraft:dropped":{"minecraft:iron_sword":1,"minecraft:diamond_axe":1,"minecraft:cooked_beef":2,"minecraft:crafting_table":1,"minecraft:crossbow":1,"minecraft:cherry_pressure_plate":1,"travelersbackpack:standard":5,"minecraft:cod":5,"minecraft:dirt":1,"minecraft:grass":1,"minecraft:cherry_trapdoor":1,"minecraft:iron_pickaxe":16,"travelersbackpack:backpack_tank":1,"minecraft:bone":1,"minecraft:gravel":3,"ancient_elements:nether_steel_sword":2,"minecraft:cherry_stairs":1,"minecraft:cobbled_deepslate":101,"minecraft:rotten_flesh":3,"ancient_elements:raw_meteorite":1,"minecraft:diamond_shovel":13,"travelersbackpack:iron":1,"minecraft:spruce_slab":6,"minecraft:beef":2,"minecraft:cherry_fence":1,"minecraft:bread":7,"minecraft:sniffer_egg":1,"minecraft:dripstone_block":6,"minecraft:diamond_leggings":1,"minecraft:feather":1,"minecraft:iron_helmet":1,"minecraft:cobblestone":136,"minecraft:granite":22,"minecraft:spruce_door":3,"minecraft:tropical_fish":2,"minecraft:spruce_stairs":27,"minecraft:coal":19,"minecraft:cherry_sign":1,"minecraft:diorite":54,"minecraft:cherry_planks":1,"minecraft:iron_leggings":4,"minecraft:string":3,"minecraft:bucket":1,"minecraft:redstone":1,"minecraft:diamond_hoe":1,"minecraft:iron_boots":1,"minecraft:cherry_slab":1,"minecraft:spruce_fence":66,"minecraft:nether_bricks":1,"minecraft:shield":2,"minecraft:diamond_chestplate":2,"minecraft:spruce_planks":255,"minecraft:iron_chestplate":1,"travelersbackpack:crafting_upgrade":1,"minecraft:golden_sword":2,"minecraft:diamond_boots":1,"minecraft:spruce_log":2368,"minecraft:magma_block":4},"minecraft:picked_up":{"minecraft:wheat":68,"minecraft:nether_brick_fence":6,"minecraft:flower_pot":2,"minecraft:smithing_table":1,"minecraft:lead":4,"minecraft:potion":1,"aether:ambrosium_torch":1,"minecraft:golden_sword":4,"ancient_elements:raw_palladium":6,"minecraft:string":5,"minecraft:raw_copper":190,"minecraft:iron_leggings":4,"ancient_elements:meteorite_block":14,"alexsmobs:blood_sac":1,"minecraft:gold_nugget":28,"minecraft:cobbled_deepslate":1265,"aether:holystone_pickaxe":3,"minecraft:spruce_planks":434,"celestisynth:lunar_stone":8,"minecraft:ender_eye":64,"minecraft:iron_pickaxe":36,"ancient_elements:nether_steel_sword":2,"minecraft:furnace":1,"minecraft:torch":13,"minecraft:spruce_stairs":122,"minecraft:diorite":119,"travelersbackpack:crafting_upgrade":1,"celestisynth:wintereis_shard":133,"travelersbackpack:iron":2,"minecraft:sniffer_egg":1,"minecraft:stone_sword":3,"minecraft:rotten_flesh":25,"minecraft:tropical_fish":4,"aether:iron_ring":2,"minecraft:blaze_rod":11,"minecraft:obsidian":9,"minecraft:snowball":2,"minecraft:cod":5,"minecraft:cobblestone":765,"minecraft:magma_block":10,"minecraft:feather":2,"minecraft:cooked_beef":15,"minecraft:cherry_planks":3,"minecraft:andesite":133,"minecraft:black_bed":4,"alexsmobs:bear_fur":2,"minecraft:flint":7,"minecraft:tuff":209,"minecraft:wither_skeleton_skull":1,"minecraft:lapis_lazuli":65,"minecraft:cherry_door":2,"minecraft:dirt":796,"aether:icestone":1,"minecraft:lantern":4,"minecraft:purple_carpet":6,"minecraft:leather_boots":1,"minecraft:bone":87,"travelersbackpack:backpack_tank":1,"minecraft:stonecutter":1,"minecraft:wheat_seeds":210,"aether:holystone":6,"minecraft:raw_gold":35,"minecraft:glowstone_dust":48,"aether:angelic_stone":2,"aether:zanite_gemstone":2,"minecraft:crimson_door":2,"minecraft:dark_oak_log":2,"aether:silver_dungeon_key":1,"minecraft:sugar":2,"minecraft:diamond":147,"dragonmounts:dragon_egg":1,"aether:swet_ball":2,"minecraft:crossbow":3,"minecraft:granite":158,"aether:blue_aercloud":3,"minecraft:bread":1,"minecraft:emerald":2,"minecraft:dark_oak_fence":5,"minecraft:netherrack":394,"minecraft:crimson_roots":1,"minecraft:crafting_table":3,"minecraft:purple_wool":4,"minecraft:azure_bluet":5,"minecraft:nether_wart":57,"minecraft:shield":1,"minecraft:cornflower":1,"minecraft:blackstone":18,"minecraft:cartography_table":1,"minecraft:beef":2,"ancient_elements:raw_infernal_ore":5,"aether:treasure_chest":1,"minecraft:poppy":3,"minecraft:spruce_slab":1,"minecraft:lectern":1,"minecraft:sugar_cane":4,"minecraft:chest":11,"minecraft:diamond_hoe":1,"minecraft:raw_iron":92,"minecraft:spruce_fence":12,"ancient_elements:raw_tin":19,"minecraft:carrot":153,"minecraft:redstone":63,"minecraft:prismarine_crystals":18,"aether:skyroot_log":1,"minecraft:arrow":19,"minecraft:diamond_chestplate":1,"minecraft:nether_bricks":10,"minecraft:hay_block":2,"minecraft:saddle":2,"minecraft:gold_ingot":2,"minecraft:oxeye_daisy":1,"minecraft:leather":1,"minecraft:ancient_debris":8,"minecraft:gunpowder":4,"minecraft:white_banner":5,"travelersbackpack:sheep":1,"ancient_elements:raw_meteorite":1,"aether:victory_medal":12,"ancient_elements:raw_nether_steel":8,"minecraft:cherry_sign":1,"minecraft:glass_bottle":1,"minecraft:soul_sand":20,"minecraft:iron_sword":1,"minecraft:book":18,"minecraft:pumpkin":19,"aether:enchanted_dart":8,"minecraft:dandelion":8,"minecraft:spyglass":1,"minecraft:raw_iron_block":1,"minecraft:dripstone_block":6,"minecraft:gravel":21,"minecraft:blast_furnace":1,"minecraft:spruce_door":1,"travelersbackpack:standard":5,"minecraft:purple_bed":3,"minecraft:painting":2,"minecraft:warped_roots":1,"aether:golden_dart":8,"minecraft:coal":24,"minecraft:ender_pearl":2},"minecraft:custom":{"minecraft:interact_with_crafting_table":35,"minecraft:leave_game":15,"minecraft:time_since_death":538394,"minecraft:damage_resisted":25007,"minecraft:sprint_one_cm":904779,"minecraft:damage_blocked_by_shield":1360,"minecraft:drop":202,"minecraft:talked_to_villager":2,"minecraft:play_time":808229,"minecraft:deaths":6,"minecraft:jump":6690,"minecraft:walk_on_water_one_cm":29368,"minecraft:interact_with_furnace":12,"minecraft:sleep_in_bed":38,"minecraft:open_enderchest":12,"minecraft:damage_dealt":61616,"minecraft:crouch_one_cm":131258,"minecraft:interact_with_smoker":1,"minecraft:interact_with_smithing_table":3,"minecraft:mob_kills":288,"minecraft:climb_one_cm":519,"minecraft:walk_one_cm":1760858,"minecraft:raid_win":1,"minecraft:sneak_time":31427,"minecraft:walk_under_water_one_cm":28038,"minecraft:interact_with_blast_furnace":14,"minecraft:total_world_time":808229,"minecraft:pot_flower":8,"minecraft:time_since_rest":60558,"minecraft:damage_taken":7316,"minecraft:swim_one_cm":28068,"minecraft:fly_one_cm":1375268,"minecraft:open_chest":320,"minecraft:fall_one_cm":280812},"minecraft:killed":{"minecraft:zombified_piglin":31,"minecraft:witch":3,"ancient_elements:inflamed_wither_skeleton":4,"minecraft:spider":6,"minecraft:skeleton":16,"alexsmobs:straddler":2,"aether:blue_swet":1,"dragonmounts:dragon":1,"minecraft:magma_cube":20,"alexsmobs:grizzly_bear":1,"alexsmobs:stradpole":2,"minecraft:creeper":4,"alexsmobs:crimson_mosquito":4,"alexsmobs:warped_toad":1,"aether:zephyr":2,"minecraft:trader_llama":2,"minecraft:pillager":28,"minecraft:zombie":21,"minecraft:ghast":1,"minecraft:cow":2,"minecraft:blaze":25,"aether:mimic":7,"minecraft:vindicator":3,"aether:valkyrie_queen":1,"aether:valkyrie":13,"minecraft:drowned":1,"alexsmobs:tusklin":1,"aether:cockatrice":1,"minecraft:wandering_trader":1,"minecraft:ravager":1,"alexsmobs:crow":2,"minecraft:wither_skeleton":66,"minecraft:enderman":3},"minecraft:broken":{"aether:golden_gloves":1,"minecraft:diamond_helmet":1,"aether:golden_parachute":1,"minecraft:iron_pickaxe":14},"minecraft:mined":{"minecraft:spruce_planks":431,"minecraft:farmland":3,"aether:angelic_stone":3,"minecraft:obsidian":2,"minecraft:granite":155,"minecraft:grass_block":546,"minecraft:purple_stained_glass_pane":1,"minecraft:nether_wart":37,"minecraft:spawner":2,"minecraft:magma_block":8,"minecraft:raw_iron_block":1,"minecraft:glowstone":18,"minecraft:iron_ore":26,"minecraft:cobbled_deepslate":1,"minecraft:fire":3,"minecraft:pumpkin":19,"ancient_elements:tin_ore":1,"minecraft:deepslate_lapis_ore":4,"minecraft:azure_bluet":1,"minecraft:dirt_path":2,"minecraft:purple_carpet":6,"minecraft:spruce_slab":1,"minecraft:deepslate_redstone_ore":15,"aether:holystone":8,"minecraft:blackstone":18,"minecraft:crimson_nylium":2,"minecraft:blast_furnace":1,"minecraft:chest":4,"celestisynth:wintereis":47,"minecraft:glass":2,"ancient_elements:deepslate_tin_ore":18,"ancient_elements:cloud":1,"minecraft:nether_quartz_ore":1,"minecraft:cobblestone":4,"minecraft:sugar_cane":2,"minecraft:wall_torch":11,"minecraft:deepslate_copper_ore":13,"minecraft:birch_log":2,"minecraft:wheat":69,"ancient_elements:nether_steel_ore":8,"minecraft:black_bed":4,"celestisynth:lunar_stone":10,"minecraft:potted_poppy":2,"minecraft:grass":341,"minecraft:oak_log":1,"minecraft:dirt":291,"aether:blue_aercloud":1,"minecraft:stonecutter":1,"minecraft:netherrack":405,"minecraft:ancient_debris":8,"minecraft:oak_leaves":4,"minecraft:deepslate":1768,"minecraft:nether_gold_ore":4,"minecraft:diamond_ore":6,"minecraft:tuff":355,"minecraft:deepslate_diamond_ore":142,"minecraft:dark_oak_log":4,"minecraft:sea_lantern":10,"minecraft:glow_lichen":1,"minecraft:nether_bricks":11,"minecraft:dark_oak_fence":8,"minecraft:spruce_fence":12,"minecraft:crimson_roots":1,"ancient_elements:meteorite_block":14,"minecraft:spruce_leaves":1,"minecraft:cartography_table":1,"minecraft:hay_block":2,"minecraft:furnace":1,"minecraft:carrots":44,"minecraft:snow":1,"minecraft:andesite":148,"minecraft:nether_brick_fence":6,"minecraft:bookshelf":6,"minecraft:deepslate_iron_ore":72,"ancient_elements:palladium_ore":6,"minecraft:lantern":1,"minecraft:crimson_door":2,"minecraft:stone":743,"minecraft:ender_chest":1,"minecraft:smithing_table":1,"minecraft:cherry_planks":3,"minecraft:soul_sand":20,"minecraft:basalt":1,"minecraft:spruce_door":1,"minecraft:dandelion":6,"minecraft:crafting_table":2,"aether:golden_oak_log":1,"minecraft:lectern":1,"minecraft:campfire":1,"minecraft:tall_grass":27,"minecraft:copper_ore":44,"minecraft:lapis_ore":6,"minecraft:deepslate_gold_ore":30,"dragonmounts:dragon_egg":1,"minecraft:diorite":65,"minecraft:spruce_stairs":122,"minecraft:purple_wool":4,"aether:treasure_chest":1,"minecraft:purple_bed":3,"minecraft:ice":27,"minecraft:gravel":73,"minecraft:dripstone_block":13,"minecraft:gold_ore":5}},"DataVersion":3465}