{"stats":{"minecraft:mined":{"minecraft:nether_gold_ore":4,"minecraft:diamond_ore":5,"minecraft:tuff":355,"minecraft:spruce_planks":431,"minecraft:farmland":3,"minecraft:deepslate_diamond_ore":142,"minecraft:dark_oak_log":4,"minecraft:sea_lantern":10,"minecraft:obsidian":1,"minecraft:glow_lichen":1,"minecraft:granite":149,"minecraft:dark_oak_fence":8,"minecraft:grass_block":535,"minecraft:spruce_fence":12,"minecraft:cartography_table":1,"minecraft:hay_block":2,"minecraft:raw_iron_block":1,"minecraft:magma_block":7,"minecraft:glowstone":18,"minecraft:furnace":1,"minecraft:carrots":24,"minecraft:iron_ore":26,"minecraft:fire":1,"minecraft:snow":1,"minecraft:andesite":141,"ancient_elements:tin_ore":1,"minecraft:pumpkin":19,"minecraft:deepslate_lapis_ore":4,"minecraft:azure_bluet":1,"minecraft:dirt_path":2,"minecraft:deepslate_iron_ore":72,"ancient_elements:palladium_ore":6,"minecraft:lantern":1,"minecraft:stone":665,"minecraft:spruce_slab":1,"minecraft:smithing_table":1,"minecraft:deepslate_redstone_ore":15,"minecraft:blackstone":18,"minecraft:crimson_nylium":2,"minecraft:dandelion":6,"minecraft:spruce_door":1,"minecraft:crafting_table":2,"minecraft:blast_furnace":1,"minecraft:chest":1,"celestisynth:wintereis":47,"minecraft:campfire":1,"ancient_elements:deepslate_tin_ore":18,"minecraft:glass":2,"minecraft:copper_ore":39,"minecraft:tall_grass":26,"minecraft:cobblestone":4,"minecraft:deepslate_gold_ore":30,"minecraft:lapis_ore":6,"minecraft:sugar_cane":2,"minecraft:diorite":57,"minecraft:wall_torch":11,"minecraft:deepslate_copper_ore":13,"minecraft:spruce_stairs":122,"minecraft:birch_log":2,"minecraft:wheat":49,"minecraft:ice":27,"celestisynth:lunar_stone":10,"minecraft:black_bed":4,"minecraft:grass":339,"minecraft:oak_log":1,"minecraft:gravel":66,"minecraft:dripstone_block":13,"minecraft:dirt":283,"minecraft:ancient_debris":2,"minecraft:netherrack":217,"minecraft:gold_ore":4,"minecraft:deepslate":1762,"minecraft:oak_leaves":4},"minecraft:broken":{"minecraft:iron_pickaxe":14},"minecraft:killed":{"minecraft:witch":2,"minecraft:spider":5,"minecraft:vindicator":3,"minecraft:skeleton":10,"alexsmobs:tusklin":1,"alexsmobs:grizzly_bear":1,"minecraft:wandering_trader":1,"minecraft:ravager":1,"minecraft:creeper":4,"alexsmobs:crimson_mosquito":1,"minecraft:trader_llama":2,"minecraft:pillager":28,"minecraft:zombie":17,"alexsmobs:crow":2,"minecraft:enderman":1,"minecraft:cow":1},"minecraft:used":{"minecraft:cherry_sapling":33,"minecraft:flint_and_steel":1,"minecraft:brain_coral_fan":1,"minecraft:spruce_slab":1,"minecraft:poppy":1,"minecraft:ender_chest":1,"minecraft:chest":19,"minecraft:spruce_planks":1647,"minecraft:shield":26,"minecraft:grass":3,"minecraft:torch":26,"minecraft:dirt":1474,"minecraft:spyglass":19,"minecraft:diamond_helmet":1,"minecraft:cherry_pressure_plate":5,"minecraft:spruce_stairs":291,"minecraft:carrot":53,"travelersbackpack:iron":1,"minecraft:tuff":5,"minecraft:granite":44,"minecraft:spruce_fence":59,"minecraft:snowball":2,"minecraft:obsidian":13,"minecraft:purple_stained_glass_pane":3,"minecraft:glass":57,"minecraft:iron_hoe":47,"minecraft:lava_bucket":18,"minecraft:lantern":37,"minecraft:grass_block":13,"minecraft:cherry_slab":61,"ancient_elements:meteorite_ore":1,"minecraft:cherry_leaves":9,"minecraft:glowstone":33,"minecraft:bow":32,"minecraft:furnace":2,"minecraft:cooked_beef":10,"minecraft:cherry_fence":54,"minecraft:iron_leggings":1,"minecraft:wheat_seeds":71,"minecraft:water_bucket":81,"minecraft:diorite":3,"minecraft:diamond_boots":1,"minecraft:spruce_door":3,"minecraft:cherry_planks":1327,"minecraft:sugar_cane":74,"minecraft:magenta_stained_glass":2,"minecraft:diamond_axe":847,"minecraft:brain_coral":1,"minecraft:crafting_table":3,"minecraft:blast_furnace":1,"minecraft:crossbow":1,"minecraft:painting":35,"minecraft:black_bed":5,"minecraft:smoker":1,"minecraft:purple_stained_glass":68,"minecraft:flower_pot":7,"minecraft:diamond_pickaxe":412,"alexscaves:rusty_scaffolding":23,"minecraft:diamond_shovel":612,"minecraft:cherry_door":6,"minecraft:dark_oak_log":2,"minecraft:bread":64,"minecraft:iron_pickaxe":3622,"minecraft:cherry_sign":8,"minecraft:gravel":1,"minecraft:cobblestone":257,"minecraft:cherry_stairs":253,"minecraft:purple_bed":4,"travelersbackpack:standard":47,"minecraft:crimson_door":2,"minecraft:bucket":77,"minecraft:pink_stained_glass":2,"alexsmobs:animal_dictionary":1,"minecraft:purple_carpet":16,"minecraft:purple_wool":5,"minecraft:diamond_leggings":2,"minecraft:dandelion":2,"minecraft:bone_meal":395,"man_of_many_planes:economy_plane":1},"minecraft:killed_by":{"minecraft:pillager":1,"alexsmobs:bison":1,"alexsmobs:tusklin":1,"minecraft:skeleton":1},"minecraft:picked_up":{"minecraft:crafting_table":3,"minecraft:wheat":49,"minecraft:azure_bluet":5,"minecraft:lead":2,"minecraft:smithing_table":1,"minecraft:potion":1,"minecraft:shield":1,"ancient_elements:raw_palladium":6,"minecraft:cornflower":1,"minecraft:string":5,"minecraft:raw_copper":172,"minecraft:iron_leggings":3,"minecraft:blackstone":18,"minecraft:gold_nugget":15,"minecraft:poppy":1,"minecraft:cartography_table":1,"minecraft:cobbled_deepslate":1264,"minecraft:chest":1,"minecraft:spruce_planks":434,"celestisynth:lunar_stone":8,"minecraft:iron_pickaxe":36,"minecraft:spruce_slab":1,"minecraft:sugar_cane":4,"minecraft:furnace":1,"minecraft:raw_iron":92,"minecraft:torch":13,"minecraft:spruce_stairs":122,"minecraft:spruce_fence":12,"ancient_elements:raw_tin":19,"minecraft:diorite":111,"minecraft:carrot":83,"minecraft:redstone":63,"minecraft:prismarine_crystals":18,"celestisynth:wintereis_shard":133,"travelersbackpack:iron":2,"minecraft:arrow":10,"minecraft:rotten_flesh":12,"minecraft:diamond_chestplate":1,"minecraft:tropical_fish":4,"minecraft:hay_block":2,"minecraft:saddle":2,"minecraft:obsidian":1,"minecraft:snowball":2,"minecraft:cobblestone":687,"minecraft:oxeye_daisy":1,"minecraft:magma_block":6,"minecraft:feather":1,"minecraft:cooked_beef":13,"minecraft:andesite":126,"minecraft:leather":1,"minecraft:black_bed":4,"alexsmobs:bear_fur":2,"minecraft:flint":5,"minecraft:tuff":209,"minecraft:ancient_debris":2,"minecraft:gunpowder":3,"minecraft:lapis_lazuli":65,"minecraft:cherry_door":2,"minecraft:dirt":777,"minecraft:lantern":4,"minecraft:white_banner":5,"minecraft:leather_boots":1,"minecraft:bone":15,"travelersbackpack:backpack_tank":1,"minecraft:wheat_seeds":163,"minecraft:raw_gold":34,"ancient_elements:raw_meteorite":1,"minecraft:glowstone_dust":39,"minecraft:cherry_sign":1,"minecraft:glass_bottle":1,"minecraft:iron_sword":1,"minecraft:pumpkin":19,"minecraft:dandelion":8,"minecraft:spyglass":1,"minecraft:raw_iron_block":1,"minecraft:dripstone_block":6,"minecraft:gravel":16,"minecraft:blast_furnace":1,"minecraft:dark_oak_log":2,"minecraft:spruce_door":1,"travelersbackpack:standard":5,"minecraft:sugar":2,"minecraft:diamond":146,"minecraft:crossbow":3,"minecraft:granite":152,"minecraft:painting":2,"minecraft:netherrack":210,"minecraft:emerald":2,"minecraft:bread":1,"minecraft:dark_oak_fence":5},"minecraft:custom":{"minecraft:interact_with_smithing_table":1,"minecraft:mob_kills":85,"minecraft:interact_with_crafting_table":34,"minecraft:climb_one_cm":313,"minecraft:leave_game":10,"minecraft:time_since_death":315946,"minecraft:damage_resisted":919,"minecraft:sprint_one_cm":617291,"minecraft:walk_one_cm":1305570,"minecraft:damage_blocked_by_shield":795,"minecraft:drop":179,"minecraft:talked_to_villager":2,"minecraft:raid_win":1,"minecraft:play_time":585781,"minecraft:sneak_time":20985,"minecraft:deaths":6,"minecraft:walk_under_water_one_cm":13691,"minecraft:jump":4748,"minecraft:interact_with_blast_furnace":7,"minecraft:walk_on_water_one_cm":23444,"minecraft:total_world_time":585781,"minecraft:interact_with_furnace":7,"minecraft:pot_flower":6,"minecraft:sleep_in_bed":31,"minecraft:time_since_rest":48613,"minecraft:open_enderchest":1,"minecraft:damage_taken":4456,"minecraft:damage_dealt":17919,"minecraft:swim_one_cm":28068,"minecraft:fly_one_cm":1045077,"minecraft:open_chest":111,"minecraft:crouch_one_cm":89543,"minecraft:fall_one_cm":121048},"minecraft:crafted":{"minecraft:furnace":1,"minecraft:spruce_fence":144,"minecraft:flint_and_steel":1,"minecraft:spruce_stairs":196,"minecraft:bow":1,"minecraft:iron_boots":1,"minecraft:iron_hoe":1,"minecraft:spruce_slab":6,"minecraft:chest":4,"minecraft:dark_oak_planks":12,"minecraft:wheat":18,"minecraft:crafting_table":2,"minecraft:spruce_planks":2048,"minecraft:iron_helmet":1,"ancient_elements:raw_meteorite":3,"minecraft:copper_ingot":19,"minecraft:bread":7,"minecraft:air":0,"minecraft:shield":2,"minecraft:stick":136,"minecraft:iron_ingot":15,"minecraft:iron_leggings":1,"minecraft:torch":32,"minecraft:diamond_chestplate":2},"minecraft:dropped":{"minecraft:bread":7,"minecraft:iron_sword":1,"minecraft:diamond_axe":1,"minecraft:crafting_table":1,"minecraft:dripstone_block":6,"minecraft:crossbow":1,"minecraft:iron_helmet":1,"minecraft:cobblestone":136,"minecraft:granite":22,"minecraft:cherry_pressure_plate":1,"minecraft:spruce_door":3,"minecraft:tropical_fish":2,"travelersbackpack:standard":5,"minecraft:spruce_stairs":27,"minecraft:coal":19,"minecraft:cherry_sign":1,"minecraft:dirt":1,"minecraft:grass":1,"minecraft:diorite":54,"minecraft:cherry_trapdoor":1,"minecraft:cherry_planks":1,"minecraft:iron_leggings":4,"minecraft:iron_pickaxe":16,"minecraft:string":3,"travelersbackpack:backpack_tank":1,"minecraft:bucket":1,"minecraft:bone":1,"minecraft:redstone":1,"minecraft:gravel":3,"minecraft:cherry_stairs":1,"minecraft:cobbled_deepslate":101,"minecraft:rotten_flesh":2,"ancient_elements:raw_meteorite":1,"minecraft:iron_boots":1,"minecraft:diamond_shovel":13,"minecraft:cherry_slab":1,"minecraft:spruce_fence":66,"travelersbackpack:iron":1,"minecraft:shield":2,"minecraft:diamond_chestplate":1,"minecraft:spruce_planks":255,"minecraft:iron_chestplate":1,"minecraft:spruce_log":2368,"minecraft:spruce_slab":6,"minecraft:cherry_fence":1}},"DataVersion":3465}