{"stats":{"minecraft:used":{"minecraft:water_bucket":15,"minecraft:diorite":3,"minecraft:diamond_axe":84,"minecraft:grass":3,"minecraft:torch":13,"minecraft:dirt":901,"minecraft:spyglass":7,"minecraft:crafting_table":2,"minecraft:black_bed":3,"travelersbackpack:iron":1,"minecraft:tuff":5,"minecraft:granite":44,"minecraft:snowball":1,"minecraft:diamond_pickaxe":119,"minecraft:bread":23,"minecraft:iron_pickaxe":3606,"minecraft:gravel":1,"minecraft:cobblestone":81,"travelersbackpack:standard":20,"minecraft:furnace":1,"minecraft:bucket":15,"alexsmobs:animal_dictionary":1,"minecraft:dandelion":1},"minecraft:crafted":{"minecraft:crafting_table":2,"minecraft:spruce_planks":12,"minecraft:furnace":1,"minecraft:air":0,"minecraft:stick":16,"minecraft:iron_ingot":15,"minecraft:torch":32},"minecraft:killed_by":{"alexsmobs:bison":1,"alexsmobs:tusklin":1},"minecraft:picked_up":{"minecraft:crafting_table":2,"minecraft:andesite":126,"minecraft:black_bed":2,"minecraft:potion":1,"minecraft:flint":5,"minecraft:tuff":209,"ancient_elements:raw_palladium":6,"minecraft:gunpowder":3,"minecraft:lapis_lazuli":65,"minecraft:dirt":105,"minecraft:raw_copper":172,"minecraft:leather_boots":1,"minecraft:bone":6,"travelersbackpack:backpack_tank":1,"minecraft:wheat_seeds":3,"minecraft:cobbled_deepslate":1136,"minecraft:raw_gold":34,"celestisynth:lunar_stone":8,"minecraft:iron_pickaxe":21,"minecraft:glass_bottle":1,"minecraft:sugar_cane":3,"minecraft:iron_sword":1,"minecraft:furnace":1,"minecraft:raw_iron":92,"minecraft:dandelion":1,"minecraft:spyglass":1,"minecraft:raw_iron_block":1,"minecraft:dripstone_block":6,"minecraft:gravel":16,"ancient_elements:raw_tin":19,"minecraft:diorite":111,"minecraft:redstone":63,"minecraft:prismarine_crystals":18,"celestisynth:wintereis_shard":133,"travelersbackpack:iron":2,"travelersbackpack:standard":5,"minecraft:rotten_flesh":9,"minecraft:arrow":3,"minecraft:sugar":2,"minecraft:diamond":146,"minecraft:tropical_fish":4,"minecraft:granite":152,"minecraft:snowball":1,"minecraft:cobblestone":498},"minecraft:dropped":{"minecraft:gravel":3,"minecraft:cobbled_deepslate":101,"minecraft:crafting_table":1,"minecraft:dripstone_block":6,"minecraft:cobblestone":38,"minecraft:rotten_flesh":2,"minecraft:granite":22,"minecraft:tropical_fish":2,"travelersbackpack:standard":5,"travelersbackpack:iron":1,"minecraft:dirt":1,"minecraft:grass":1,"minecraft:diorite":54,"travelersbackpack:backpack_tank":1,"minecraft:bone":1,"minecraft:redstone":1},"minecraft:custom":{"minecraft:interact_with_furnace":4,"minecraft:mob_kills":26,"minecraft:interact_with_crafting_table":6,"minecraft:leave_game":3,"minecraft:time_since_death":63055,"minecraft:sleep_in_bed":3,"minecraft:time_since_rest":9302,"minecraft:sprint_one_cm":106668,"minecraft:damage_taken":1821,"minecraft:walk_one_cm":201816,"minecraft:drop":32,"minecraft:damage_dealt":5696,"minecraft:swim_one_cm":473,"minecraft:fly_one_cm":194779,"minecraft:crouch_one_cm":10034,"minecraft:play_time":124409,"minecraft:sneak_time":3208,"minecraft:deaths":3,"minecraft:walk_under_water_one_cm":5770,"minecraft:jump":1290,"minecraft:walk_on_water_one_cm":9963,"minecraft:total_world_time":124409,"minecraft:fall_one_cm":35027},"minecraft:killed":{"minecraft:witch":2,"minecraft:creeper":4,"minecraft:skeleton":5,"minecraft:zombie":11,"alexsmobs:crow":1,"alexsmobs:tusklin":1,"minecraft:enderman":1,"minecraft:cow":1},"minecraft:broken":{"minecraft:iron_pickaxe":14},"minecraft:mined":{"minecraft:deepslate_redstone_ore":15,"minecraft:diamond_ore":5,"minecraft:tuff":355,"minecraft:deepslate_diamond_ore":142,"minecraft:dandelion":1,"minecraft:sea_lantern":10,"minecraft:crafting_table":1,"minecraft:glow_lichen":1,"minecraft:granite":149,"minecraft:grass_block":39,"celestisynth:wintereis":47,"ancient_elements:deepslate_tin_ore":18,"minecraft:copper_ore":39,"minecraft:tall_grass":2,"minecraft:cobblestone":4,"minecraft:lapis_ore":6,"minecraft:deepslate_gold_ore":30,"minecraft:sugar_cane":1,"minecraft:diorite":57,"minecraft:deepslate_copper_ore":13,"minecraft:raw_iron_block":1,"minecraft:furnace":1,"minecraft:iron_ore":26,"minecraft:ice":27,"minecraft:andesite":141,"ancient_elements:tin_ore":1,"celestisynth:lunar_stone":10,"minecraft:black_bed":2,"minecraft:deepslate_lapis_ore":4,"minecraft:grass":14,"minecraft:deepslate_iron_ore":72,"ancient_elements:palladium_ore":6,"minecraft:gravel":66,"minecraft:dripstone_block":13,"minecraft:dirt":115,"minecraft:stone":631,"minecraft:gold_ore":4,"minecraft:deepslate":1762}},"DataVersion":3465}