{"stats":{"minecraft:custom":{"minecraft:time_since_rest":40291,"minecraft:sprint_one_cm":41809,"minecraft:damage_taken":1600,"minecraft:walk_one_cm":65918,"minecraft:damage_dealt":-44,"tombstone:cast_on_ally":0,"minecraft:fly_one_cm":35160,"minecraft:open_chest":12,"minecraft:crouch_one_cm":60487,"minecraft:play_time":40291,"minecraft:sneak_time":12923,"minecraft:walk_under_water_one_cm":2573,"minecraft:jump":376,"minecraft:leave_game":2,"minecraft:time_since_death":40291,"minecraft:walk_on_water_one_cm":6650,"minecraft:total_world_time":40291,"minecraft:climb_one_cm":504,"minecraft:fall_one_cm":15174},"minecraft:used":{"minecraft:flint_and_steel":1,"minecraft:glass_bottle":3,"minecraft:lectern":1,"minecraft:iron_sword":18,"minecraft:torch":4,"minecraft:fire_charge":1,"minecraft:potion":4,"alexsmobs:animal_dictionary":2,"minecraft:acacia_planks":15,"minecraft:obsidian":1},"minecraft:picked_up":{"minecraft:iron_chestplate":1,"callfromthedepth_:deepflower":1,"minecraft:torch":4,"minecraft:acacia_log":4,"minecraft:iron_leggings":1,"minecraft:lectern":1,"callfromthedepth_:deepstone":2,"minecraft:iron_sword":1,"minecraft:diamond_hoe":1,"minecraft:furnace":1},"minecraft:mined":{"minecraft:fire":1,"minecraft:sculk_vein":5,"minecraft:soul_fire":1,"minecraft:torch":3,"minecraft:sculk_shrieker":2,"minecraft:acacia_log":4,"callfromthedepth_:deepflower":1,"minecraft:sculk_sensor":3,"minecraft:lectern":1,"callfromthedepth_:deepstone":2,"minecraft:sculk":11,"minecraft:wall_torch":1},"minecraft:crafted":{"minecraft:acacia_planks":16}},"DataVersion":3465}