{"stats":{"minecraft:used":{"minecraft:spruce_planks":433,"minecraft:grass":3,"minecraft:torch":14,"minecraft:dirt":1350,"minecraft:spyglass":7,"minecraft:spruce_stairs":3,"travelersbackpack:iron":1,"minecraft:tuff":5,"minecraft:spruce_fence":10,"minecraft:granite":44,"minecraft:snowball":1,"ancient_elements:meteorite_ore":1,"minecraft:furnace":1,"minecraft:water_bucket":22,"minecraft:diorite":3,"minecraft:diamond_axe":164,"minecraft:crafting_table":3,"minecraft:black_bed":5,"minecraft:diamond_pickaxe":145,"minecraft:diamond_shovel":521,"minecraft:bread":42,"minecraft:iron_pickaxe":3616,"minecraft:gravel":1,"minecraft:cobblestone":81,"travelersbackpack:standard":23,"minecraft:bucket":22,"alexsmobs:animal_dictionary":1,"minecraft:dandelion":2},"minecraft:crafted":{"minecraft:furnace":1,"minecraft:spruce_fence":39,"minecraft:spruce_stairs":4,"minecraft:crafting_table":2,"minecraft:spruce_planks":512,"minecraft:air":0,"minecraft:stick":56,"minecraft:iron_ingot":15,"minecraft:torch":32},"minecraft:killed_by":{"alexsmobs:bison":1,"alexsmobs:tusklin":1,"minecraft:skeleton":1},"minecraft:picked_up":{"minecraft:crafting_table":3,"minecraft:azure_bluet":5,"minecraft:smithing_table":1,"minecraft:potion":1,"ancient_elements:raw_palladium":6,"minecraft:cornflower":1,"minecraft:string":2,"minecraft:raw_copper":172,"minecraft:iron_leggings":3,"minecraft:cobbled_deepslate":1136,"minecraft:spruce_planks":26,"celestisynth:lunar_stone":8,"minecraft:iron_pickaxe":24,"minecraft:sugar_cane":3,"minecraft:furnace":1,"minecraft:raw_iron":92,"minecraft:torch":2,"minecraft:spruce_stairs":1,"minecraft:spruce_fence":2,"ancient_elements:raw_tin":19,"minecraft:diorite":111,"minecraft:redstone":63,"minecraft:prismarine_crystals":18,"celestisynth:wintereis_shard":133,"travelersbackpack:iron":2,"minecraft:rotten_flesh":10,"minecraft:arrow":9,"minecraft:tropical_fish":4,"minecraft:snowball":2,"minecraft:cobblestone":532,"minecraft:oxeye_daisy":1,"minecraft:magma_block":2,"minecraft:andesite":126,"minecraft:black_bed":4,"minecraft:flint":5,"minecraft:tuff":209,"minecraft:gunpowder":3,"minecraft:lapis_lazuli":65,"minecraft:dirt":671,"minecraft:leather_boots":1,"travelersbackpack:backpack_tank":1,"minecraft:bone":14,"minecraft:wheat_seeds":10,"minecraft:raw_gold":34,"minecraft:glass_bottle":1,"minecraft:iron_sword":1,"minecraft:pumpkin":19,"minecraft:dandelion":4,"minecraft:spyglass":1,"minecraft:raw_iron_block":1,"minecraft:dripstone_block":6,"minecraft:gravel":16,"minecraft:blast_furnace":1,"travelersbackpack:standard":5,"minecraft:sugar":2,"minecraft:diamond":146,"minecraft:granite":152},"minecraft:dropped":{"minecraft:bread":6,"minecraft:crafting_table":1,"minecraft:dripstone_block":6,"minecraft:cobblestone":38,"minecraft:granite":22,"minecraft:tropical_fish":2,"travelersbackpack:standard":5,"minecraft:dirt":1,"minecraft:grass":1,"minecraft:diorite":54,"minecraft:iron_leggings":3,"minecraft:iron_pickaxe":3,"travelersbackpack:backpack_tank":1,"minecraft:bone":1,"minecraft:redstone":1,"minecraft:gravel":3,"minecraft:cobbled_deepslate":101,"minecraft:rotten_flesh":2,"travelersbackpack:iron":1},"minecraft:custom":{"minecraft:interact_with_smithing_table":1,"minecraft:mob_kills":36,"minecraft:interact_with_crafting_table":9,"minecraft:leave_game":5,"minecraft:time_since_death":13993,"minecraft:sprint_one_cm":266798,"minecraft:walk_one_cm":475250,"minecraft:drop":44,"minecraft:talked_to_villager":1,"minecraft:play_time":242642,"minecraft:deaths":5,"minecraft:sneak_time":5983,"minecraft:walk_under_water_one_cm":6613,"minecraft:jump":2611,"minecraft:walk_on_water_one_cm":17119,"minecraft:total_world_time":242642,"minecraft:interact_with_furnace":4,"minecraft:sleep_in_bed":11,"minecraft:time_since_rest":13040,"minecraft:damage_taken":2720,"minecraft:damage_dealt":7046,"minecraft:swim_one_cm":25199,"minecraft:fly_one_cm":505838,"minecraft:open_chest":1,"minecraft:crouch_one_cm":24201,"minecraft:fall_one_cm":66915},"minecraft:killed":{"minecraft:witch":2,"minecraft:spider":2,"minecraft:skeleton":9,"alexsmobs:tusklin":1,"minecraft:creeper":4,"minecraft:zombie":15,"alexsmobs:crow":1,"minecraft:cow":1,"minecraft:enderman":1},"minecraft:broken":{"minecraft:iron_pickaxe":14},"minecraft:mined":{"minecraft:diamond_ore":5,"minecraft:tuff":355,"minecraft:spruce_planks":26,"minecraft:deepslate_diamond_ore":142,"minecraft:sea_lantern":10,"minecraft:glow_lichen":1,"minecraft:granite":149,"minecraft:spruce_fence":2,"minecraft:grass_block":487,"minecraft:raw_iron_block":1,"minecraft:magma_block":3,"minecraft:furnace":1,"minecraft:iron_ore":26,"minecraft:fire":1,"minecraft:snow":1,"minecraft:andesite":141,"minecraft:pumpkin":19,"ancient_elements:tin_ore":1,"minecraft:deepslate_lapis_ore":4,"minecraft:azure_bluet":1,"minecraft:deepslate_iron_ore":72,"minecraft:dirt_path":2,"ancient_elements:palladium_ore":6,"minecraft:stone":660,"minecraft:smithing_table":1,"minecraft:deepslate_redstone_ore":15,"minecraft:dandelion":2,"minecraft:crafting_table":2,"minecraft:blast_furnace":1,"celestisynth:wintereis":47,"minecraft:campfire":1,"ancient_elements:deepslate_tin_ore":18,"minecraft:tall_grass":2,"minecraft:copper_ore":39,"minecraft:cobblestone":4,"minecraft:deepslate_gold_ore":30,"minecraft:lapis_ore":6,"minecraft:sugar_cane":1,"minecraft:diorite":57,"minecraft:wall_torch":2,"minecraft:deepslate_copper_ore":13,"minecraft:spruce_stairs":1,"minecraft:birch_log":2,"minecraft:ice":27,"minecraft:black_bed":4,"celestisynth:lunar_stone":10,"minecraft:grass":63,"minecraft:oak_log":1,"minecraft:gravel":66,"minecraft:dripstone_block":13,"minecraft:dirt":227,"minecraft:gold_ore":4,"minecraft:oak_leaves":4,"minecraft:deepslate":1762}},"DataVersion":3465}