{"stats":{"minecraft:killed":{"alexscaves:boundroid":6,"minecraft:spider":1,"minecraft:skeleton":6,"alexscaves:teletor":6,"alexscaves:notor":1,"minecraft:pig":1,"minecraft:creeper":2,"minecraft:sheep":3,"minecraft:zombie":2,"minecraft:cow":7,"alexscaves:ferrouslime":10,"minecraft:warden":1},"minecraft:broken":{"minecraft:iron_boots":1,"minecraft:iron_pickaxe":3},"minecraft:crafted":{"immersive_aircraft:engine":1,"callfromthedepth_:depth":1,"minecraft:smooth_stone":6,"minecraft:oak_planks":28,"immersive_aircraft:sturdy_pipes":1,"minecraft:stone":6,"minecraft:lever":1,"minecraft:cooked_mutton":5,"minecraft:diamond_helmet":1,"minecraft:iron_boots":2,"sophisticatedbackpacks:copper_backpack":1,"immersive_aircraft:steel_boiler":1,"minecraft:chest":1,"alexscaves:cave_book":1,"minecraft:deepslate":1,"sophisticatedbackpacks:backpack":1,"minecraft:cooked_porkchop":2,"minecraft:crafting_table":5,"minecraft:wooden_pickaxe":1,"minecraft:iron_helmet":1,"minecraft:copper_ingot":35,"minecraft:gold_block":2,"immersive_aircraft:propeller":4,"minecraft:iron_chestplate":1,"minecraft:wooden_hoe":1,"minecraft:paper":12,"minecraft:diamond_pickaxe":1,"minecraft:shield":1,"minecraft:stick":36,"minecraft:iron_ingot":249,"minecraft:iron_pickaxe":4,"minecraft:gold_ingot":41,"minecraft:cherry_planks":4,"minecraft:oak_door":6,"minecraft:furnace":5,"minecraft:blast_furnace":2,"minecraft:piston":2,"alexscaves:cave_map":1,"minecraft:iron_axe":2,"minecraft:stone_pickaxe":1,"immersive_aircraft:quadrocopter":1,"sophisticatedbackpacks:iron_backpack":1,"minecraft:cooked_beef":15,"immersive_aircraft:boiler":2,"minecraft:iron_sword":1,"immersive_aircraft:industrial_gears":1,"sophisticatedbackpacks:gold_backpack":1,"minecraft:bucket":2,"minecraft:stone_axe":1,"minecraft:air":0,"minecraft:oak_boat":1,"minecraft:gold_nugget":9,"minecraft:iron_leggings":1,"minecraft:white_bed":1,"minecraft:acacia_planks":68,"minecraft:torch":16},"minecraft:custom":{"minecraft:interact_with_crafting_table":78,"minecraft:open_barrel":1,"minecraft:leave_game":6,"minecraft:time_since_death":95374,"minecraft:sprint_one_cm":648025,"minecraft:damage_blocked_by_shield":1092,"minecraft:drop":126,"minecraft:talked_to_villager":1,"minecraft:play_time":373716,"minecraft:deaths":1,"minecraft:jump":7951,"minecraft:walk_on_water_one_cm":40311,"minecraft:interact_with_furnace":27,"minecraft:interact_with_loom":18,"minecraft:sleep_in_bed":7,"minecraft:damage_dealt":10130,"minecraft:crouch_one_cm":164511,"tombstone:undead_killed":8,"minecraft:interact_with_smoker":2,"minecraft:mob_kills":47,"minecraft:damage_dealt_resisted":98,"minecraft:climb_one_cm":3433,"minecraft:walk_one_cm":245688,"minecraft:sneak_time":39923,"minecraft:walk_under_water_one_cm":37881,"minecraft:boat_one_cm":180215,"minecraft:interact_with_blast_furnace":53,"minecraft:total_world_time":373716,"minecraft:time_since_rest":56259,"minecraft:damage_taken":7326,"minecraft:damage_absorbed":1,"minecraft:swim_one_cm":94976,"minecraft:fly_one_cm":1716205,"minecraft:open_chest":46,"minecraft:fall_one_cm":148415},"minecraft:used":{"minecraft:shield":59,"minecraft:stone":1,"minecraft:iron_sword":146,"alexscaves:galena":16,"minecraft:rotten_flesh":1,"minecraft:iron_chestplate":1,"immersive_aircraft:quadrocopter":7,"minecraft:tuff":6,"alexscaves:azure_neodymium_pillar":1,"minecraft:iron_helmet":1,"minecraft:furnace":4,"minecraft:diorite":9,"minecraft:stone_pickaxe":86,"callfromthedepth_:deepstone":5,"minecraft:wooden_pickaxe":3,"minecraft:sugar_cane":2,"minecraft:glow_berries":101,"regions_unexplored:raw_redstone_block":1,"alexscaves:cave_book":2,"minecraft:blast_furnace":8,"minecraft:andesite":4,"minecraft:oak_boat":1,"minecraft:experience_bottle":7,"minecraft:iron_bars":2,"minecraft:sculk":3,"minecraft:oak_door":7,"minecraft:torch":42,"minecraft:dirt":2,"minecraft:diamond_helmet":1,"minecraft:granite":1,"minecraft:iron_axe":79,"minecraft:iron_boots":3,"alexscaves:spelunkery_table":1,"minecraft:diamond_chestplate":1,"tombstone:gift":4,"minecraft:cooked_beef":15,"minecraft:cobbled_deepslate":282,"minecraft:iron_leggings":2,"minecraft:cooked_mutton":3,"minecraft:water_bucket":38,"minecraft:cherry_planks":4,"minecraft:mossy_cobblestone":1,"minecraft:crafting_table":23,"minecraft:white_bed":2,"callfromthedepth_:depth":15,"minecraft:diamond_pickaxe":660,"tombstone:tablet_of_assistance":6,"minecraft:iron_pickaxe":747,"minecraft:stone_axe":32,"minecraft:cobblestone":204,"minecraft:potion":5,"minecraft:cooked_porkchop":2,"minecraft:bucket":40,"alexsmobs:animal_dictionary":1,"minecraft:sculk_catalyst":1},"minecraft:dropped":{"minecraft:iron_sword":1,"minecraft:glow_ink_sac":2,"minecraft:glass_bottle":5,"minecraft:crafting_table":1,"regions_unexplored:willow_sapling":1,"minecraft:glow_berries":1,"ancient_elements:raw_steel":2,"ancient_elements:raw_lead":3,"minecraft:flint":2,"alexscaves:galena":10,"minecraft:dirt":5,"minecraft:chain":2,"alexscaves:cave_map":3,"minecraft:gold_nugget":8,"minecraft:amethyst_shard":1,"minecraft:iron_pickaxe":1,"minecraft:white_wool":2,"regions_unexplored:redstone_bulb":1,"minecraft:bone":4,"minecraft:gravel":10,"minecraft:stone_axe":1,"alexsmobs:animal_dictionary":1,"minecraft:cobbled_deepslate":6,"warriorsofpastepoch:forgotten_steel":3,"minecraft:rotten_flesh":2,"minecraft:oak_planks":1,"minecraft:prismarine":6,"minecraft:carrot":1,"ancient_elements:raw_tin":3,"minecraft:echo_shard":1,"minecraft:gunpowder":2,"minecraft:arrow":2,"minecraft:prismarine_bricks":1,"minecraft:iron_ingot":49,"regions_unexplored:fireweed":1,"minecraft:wheat_seeds":3,"minecraft:oak_fence":1,"minecraft:iron_helmet":1,"minecraft:granite":14,"regions_unexplored:daisy":1,"minecraft:stick":10,"minecraft:diorite":48,"minecraft:torch":6,"minecraft:wooden_hoe":2,"tombstone:grave_dust":1,"minecraft:iron_leggings":2,"minecraft:iron_axe":2,"minecraft:paper":2,"minecraft:smooth_basalt":8,"warriorsofpastepoch:batwing":2,"minecraft:soul_torch":15,"minecraft:raw_copper":5,"minecraft:deepslate":1,"minecraft:diamond_hoe":1,"minecraft:iron_boots":1,"minecraft:potato":2,"minecraft:stone":1,"aether:diamond_gloves":3,"minecraft:iron_chestplate":3,"minecraft:andesite":11,"minecraft:stone_pickaxe":1,"minecraft:wooden_pickaxe":2,"minecraft:dark_prismarine":3},"minecraft:picked_up":{"regions_unexplored:small_oak_log":2,"minecraft:iron_chestplate":2,"minecraft:enchanted_book":5,"minecraft:string":4,"minecraft:raw_copper":40,"minecraft:cobbled_deepslate":377,"minecraft:furnace":4,"minecraft:stick":2,"minecraft:oak_fence":1,"minecraft:acacia_log":17,"minecraft:torch":31,"alexscaves:raw_azure_neodymium":117,"minecraft:porkchop":2,"minecraft:cherry_log":2,"minecraft:diorite":57,"regions_unexplored:raw_redstone_block":1,"regions_unexplored:daisy":1,"ancient_elements:topaz_shard":12,"minecraft:rotten_flesh":3,"minecraft:iron_bars":2,"minecraft:cobblestone":246,"minecraft:andesite":15,"minecraft:potato":2,"ancient_elements:raw_lead":3,"minecraft:flint":2,"minecraft:tuff":6,"minecraft:prismarine_bricks":1,"minecraft:dirt":7,"alexscaves:galena":85,"minecraft:bone":8,"minecraft:wheat_seeds":3,"minecraft:raw_gold":7,"minecraft:prismarine":6,"alexsmobs:animal_dictionary":1,"minecraft:mossy_cobblestone":1,"minecraft:dark_prismarine":3,"warriorsofpastepoch:forgotten_steel":3,"minecraft:diamond":11,"minecraft:granite":15,"immersive_aircraft:quadrocopter":7,"alexscaves:raw_scarlet_neodymium":206,"minecraft:crafting_table":20,"minecraft:wooden_pickaxe":1,"minecraft:gold_block":9,"minecraft:chain":14,"minecraft:beef":12,"minecraft:sugar_cane":31,"minecraft:raw_iron":318,"ancient_elements:raw_steel":2,"minecraft:oak_door":1,"ancient_elements:raw_tin":3,"minecraft:carrot":1,"minecraft:redstone":31,"minecraft:arrow":3,"regions_unexplored:redstone_bulb":1,"alexscaves:spelunkery_table":1,"callfromthedepth_:deepstone":5,"minecraft:glow_berries":1,"minecraft:mutton":5,"minecraft:white_wool":5,"minecraft:glow_ink_sac":2,"minecraft:leather":7,"alexscaves:heavyweight":2,"minecraft:oak_log":5,"minecraft:gunpowder":2,"alexscaves:ferrouslime_ball":6,"minecraft:wooden_hoe":1,"minecraft:paper":1,"minecraft:iron_ingot":31,"minecraft:glass_bottle":1,"minecraft:iron_sword":1,"minecraft:book":5,"minecraft:sculk_catalyst":1,"minecraft:smooth_basalt":8,"regions_unexplored:willow_sapling":1,"warriorsofpastepoch:batwing":2,"minecraft:gravel":10,"minecraft:amethyst_shard":1,"minecraft:soul_torch":1,"minecraft:blast_furnace":10,"minecraft:white_bed":2,"alexscaves:telecore":2,"minecraft:sculk_sensor":7,"regions_unexplored:fireweed":1,"alexscaves:azure_neodymium_pillar":77,"alexscaves:scarlet_neodymium_pillar":148,"ancient_elements:topaz_crystal_block":9,"alexscaves:cave_map":2,"tombstone:magic_scroll":3,"minecraft:coal":567},"minecraft:mined":{"minecraft:white_bed":2,"minecraft:farmland":3,"minecraft:cherry_log":1,"minecraft:sculk_vein":8,"alexscaves:azure_neodymium_pillar":87,"minecraft:acacia_log":17,"minecraft:granite":6,"minecraft:grass_block":1,"minecraft:spawner":1,"minecraft:weeping_vines_plant":1,"ancient_elements:topaz_clust":3,"minecraft:sculk_catalyst":2,"minecraft:iron_ore":106,"minecraft:cobbled_deepslate":6,"minecraft:fire":2,"regions_unexplored:mossy_stone":1,"alexscaves:scarlet_neodymium_node":18,"minecraft:sculk_shrieker":4,"minecraft:cave_vines":2,"minecraft:iron_bars":2,"minecraft:deepslate_redstone_ore":2,"minecraft:torch":6,"minecraft:blast_furnace":10,"minecraft:chest":19,"ancient_elements:deepslate_tin_ore":3,"minecraft:cobblestone":9,"minecraft:prismarine":6,"minecraft:sugar_cane":13,"minecraft:oak_planks":1,"minecraft:wall_torch":12,"minecraft:grass":14,"minecraft:oak_log":5,"minecraft:dirt":2,"minecraft:smooth_basalt":2,"minecraft:deepslate":339,"minecraft:dark_prismarine":4,"alexscaves:spelunkery_table":1,"minecraft:tuff":6,"ancient_elements:lead_ore":1,"minecraft:deepslate_diamond_ore":11,"minecraft:oak_door":1,"ancient_elements:budding_topaz":2,"regions_unexplored:raw_redstone_block":1,"alexscaves:galena":44,"minecraft:redstone_ore":1,"ancient_elements:topaz_crystal_block":9,"minecraft:furnace":4,"minecraft:carrots":2,"alexscaves:energized_galena_azure":3,"minecraft:andesite":15,"minecraft:gold_block":8,"minecraft:bookshelf":1,"minecraft:potatoes":2,"minecraft:deepslate_iron_ore":16,"callfromthedepth_:deepstone":5,"regions_unexplored:medium_grass":1,"warriorsofpastepoch:depositof_forgotten_steel":2,"regions_unexplored:small_oak_log":2,"minecraft:stone":235,"ancient_elements:deepslate_lead_ore":2,"regions_unexplored:redstone_bulb":1,"ancient_elements:steel_ore":2,"alexscaves:azure_neodymium_node":6,"minecraft:oak_fence":2,"minecraft:crafting_table":19,"minecraft:sculk_sensor":2,"minecraft:tall_grass":1,"minecraft:copper_ore":12,"minecraft:deepslate_gold_ore":5,"minecraft:sculk":62,"minecraft:diorite":34,"minecraft:prismarine_bricks":2,"regions_unexplored:redstone_bud":3,"alexscaves:galena_iron_ore":149,"minecraft:coal_ore":55,"minecraft:gravel":6,"minecraft:cobweb":5,"alexscaves:scarlet_neodymium_pillar":162}},"DataVersion":3465}