{"stats":{"minecraft:broken":{"minecraft:iron_boots":1,"minecraft:iron_sword":1,"alexscaves_torpedoes:ferrousslime_boots":1,"minecraft:iron_pickaxe":3},"minecraft:mined":{"minecraft:large_amethyst_bud":2,"minecraft:white_bed":2,"minecraft:farmland":3,"regions_unexplored:willow_planks":1,"minecraft:cherry_log":1,"minecraft:sculk_vein":8,"regions_unexplored:magnolia_log":15,"alexscaves:azure_neodymium_pillar":87,"minecraft:granite":6,"minecraft:acacia_log":17,"minecraft:grass_block":11,"minecraft:spawner":1,"minecraft:weeping_vines_plant":1,"ancient_elements:topaz_clust":3,"minecraft:sculk_catalyst":2,"minecraft:iron_ore":106,"minecraft:cobbled_deepslate":6,"minecraft:fire":2,"regions_unexplored:mossy_stone":1,"minecraft:moss_carpet":3,"alexscaves:scarlet_neodymium_node":19,"minecraft:sculk_shrieker":4,"minecraft:cave_vines":2,"minecraft:dirt_path":14,"minecraft:oak_stairs":1,"minecraft:iron_bars":2,"minecraft:deepslate_redstone_ore":2,"regions_unexplored:willow_log":11,"minecraft:amethyst_cluster":1,"minecraft:torch":6,"minecraft:blast_furnace":10,"regions_unexplored:peat_grass_block":1,"minecraft:chest":21,"ancient_elements:deepslate_tin_ore":3,"minecraft:cobblestone":11,"minecraft:prismarine":6,"minecraft:sugar_cane":14,"minecraft:oak_planks":5,"minecraft:wall_torch":12,"regions_unexplored:hyssop":12,"minecraft:grass":38,"minecraft:oak_log":5,"minecraft:dirt":32,"minecraft:smooth_basalt":2,"minecraft:deepslate":340,"regions_unexplored:fireweed":7,"minecraft:dark_prismarine":4,"alexscaves:spelunkery_table":1,"minecraft:tuff":6,"ancient_elements:lead_ore":1,"regions_unexplored:willow_leaves":8,"minecraft:deepslate_diamond_ore":17,"minecraft:oak_door":1,"ancient_elements:budding_topaz":2,"alexscaves:magnetic_light":6,"regions_unexplored:raw_redstone_block":2,"alexscaves:galena":107,"minecraft:redstone_ore":1,"ancient_elements:topaz_crystal_block":9,"minecraft:furnace":4,"minecraft:carrots":2,"alexscaves:energized_galena_azure":3,"minecraft:andesite":24,"alexscaves:heart_of_iron":2,"minecraft:gold_block":8,"minecraft:bookshelf":1,"minecraft:potatoes":2,"minecraft:deepslate_iron_ore":16,"callfromthedepth_:deepstone":5,"regions_unexplored:medium_grass":17,"warriorsofpastepoch:depositof_forgotten_steel":2,"regions_unexplored:small_oak_log":2,"minecraft:stone":236,"ancient_elements:deepslate_lead_ore":2,"regions_unexplored:redstone_bulb":1,"ancient_elements:steel_ore":2,"alexscaves:azure_neodymium_node":6,"minecraft:oak_fence":3,"minecraft:crafting_table":22,"minecraft:sculk_sensor":2,"minecraft:copper_ore":12,"minecraft:tall_grass":1,"minecraft:deepslate_gold_ore":5,"regions_unexplored:daisy":10,"minecraft:sculk":62,"minecraft:diorite":34,"minecraft:prismarine_bricks":2,"regions_unexplored:redstone_bud":4,"alexscaves:galena_iron_ore":188,"minecraft:coal_ore":55,"minecraft:gravel":31,"minecraft:cobweb":5,"alexscaves:scarlet_neodymium_pillar":169},"minecraft:killed":{"alexscaves:boundroid":12,"minecraft:spider":6,"minecraft:skeleton":13,"alexscaves:teletor":12,"alexscaves:notor":3,"minecraft:pig":1,"minecraft:salmon":10,"minecraft:creeper":5,"minecraft:sheep":3,"minecraft:zombie":17,"minecraft:cow":7,"alexscaves:ferrouslime":40,"minecraft:warden":1,"minecraft:bat":2,"alexscaves:magnetron":2,"alexsmobs:catfish":1},"minecraft:dropped":{"minecraft:iron_sword":6,"minecraft:cooked_beef":88,"minecraft:glow_ink_sac":4,"minecraft:glass_bottle":6,"minecraft:diamond":2,"minecraft:crafting_table":1,"regions_unexplored:willow_sapling":1,"minecraft:glow_berries":1,"ancient_elements:raw_steel":2,"ancient_elements:raw_lead":3,"minecraft:flint":2,"alexscaves:galena":10,"minecraft:dirt":5,"minecraft:snowball":8,"minecraft:chain":2,"minecraft:gold_nugget":8,"alexscaves:cave_map":3,"minecraft:amethyst_shard":1,"minecraft:bone_meal":1,"minecraft:iron_pickaxe":1,"minecraft:white_wool":2,"regions_unexplored:redstone_bulb":1,"minecraft:bone":5,"minecraft:gravel":10,"minecraft:stone_axe":1,"alexsmobs:animal_dictionary":1,"minecraft:cobbled_deepslate":7,"warriorsofpastepoch:forgotten_steel":3,"minecraft:rotten_flesh":14,"minecraft:oak_planks":1,"minecraft:prismarine":6,"minecraft:carrot":1,"ancient_elements:raw_tin":3,"minecraft:echo_shard":1,"alexscaves:raw_scarlet_neodymium":128,"minecraft:leather_chestplate":1,"minecraft:gunpowder":2,"minecraft:leather_leggings":1,"minecraft:arrow":7,"minecraft:prismarine_bricks":1,"minecraft:water_bucket":1,"minecraft:iron_ingot":49,"regions_unexplored:fireweed":9,"minecraft:wheat_seeds":21,"minecraft:diamond_leggings":1,"minecraft:oak_fence":1,"minecraft:iron_helmet":1,"minecraft:cobblestone":1,"minecraft:granite":14,"alexsmobs:raw_catfish":2,"regions_unexplored:daisy":14,"alexsmobs:maraca":1,"minecraft:stick":10,"alexscaves:scarlet_neodymium_pillar":128,"minecraft:diorite":48,"minecraft:wooden_hoe":2,"minecraft:torch":6,"tombstone:grave_dust":2,"minecraft:potion":4,"minecraft:iron_leggings":2,"minecraft:iron_axe":2,"minecraft:paper":2,"minecraft:iron_shovel":1,"minecraft:smooth_basalt":8,"warriorsofpastepoch:batwing":5,"minecraft:moss_carpet":2,"minecraft:oak_trapdoor":1,"minecraft:soul_torch":15,"minecraft:raw_copper":5,"minecraft:deepslate":1,"minecraft:diamond_hoe":1,"minecraft:iron_boots":2,"regions_unexplored:hyssop":32,"minecraft:potato":2,"minecraft:stone":1,"minecraft:shield":1,"aether:diamond_gloves":3,"minecraft:iron_chestplate":3,"alexscaves:resistor_shield":1,"minecraft:andesite":20,"alexscaves_torpedoes:magnetic_helmet":9,"minecraft:spider_eye":2,"minecraft:stone_pickaxe":1,"minecraft:wooden_pickaxe":2,"minecraft:dark_prismarine":3},"minecraft:crafted":{"immersive_aircraft:engine":1,"callfromthedepth_:depth":1,"minecraft:smooth_stone":6,"minecraft:oak_planks":28,"immersive_aircraft:sturdy_pipes":1,"minecraft:stone":6,"minecraft:lever":1,"minecraft:cooked_mutton":5,"alexscaves:energized_galena_azure":8,"minecraft:hopper":3,"minecraft:diamond_helmet":1,"minecraft:iron_boots":2,"sophisticatedbackpacks:copper_backpack":1,"immersive_aircraft:steel_boiler":1,"minecraft:chest":12,"regions_unexplored:willow_planks":44,"alexscaves:cave_book":1,"minecraft:deepslate":1,"sophisticatedbackpacks:backpack":1,"minecraft:cooked_porkchop":2,"minecraft:crafting_table":8,"alexscaves_torpedoes:azure_sword":1,"minecraft:wooden_pickaxe":1,"alexscaves:quarry_smasher":3,"minecraft:iron_helmet":1,"minecraft:copper_ingot":35,"minecraft:gold_block":2,"immersive_aircraft:propeller":4,"alexscaves_torpedoes:ferrousslime_boots":2,"alexscaves:tesla_bulb":2,"minecraft:iron_chestplate":1,"minecraft:wooden_hoe":1,"minecraft:paper":12,"minecraft:diamond_pickaxe":1,"minecraft:shield":1,"minecraft:stick":44,"minecraft:iron_ingot":292,"minecraft:iron_pickaxe":4,"minecraft:gold_ingot":41,"alexscaves:quarry":1,"alexscaves:resistor_shield":2,"alexscaves:galena_gauntlet":1,"alexscaves:packed_galena":5,"minecraft:cherry_planks":4,"minecraft:oak_door":6,"alexscaves:scrap_metal":18,"alexscaves:energized_galena_scarlet":8,"minecraft:furnace":5,"minecraft:blast_furnace":2,"minecraft:piston":2,"alexscaves:energized_galena_neutral":16,"alexscaves:metal_swarf":18,"alexscaves:cave_map":2,"alexscaves:azure_neodymium_ingot":19,"minecraft:iron_axe":3,"minecraft:stone_pickaxe":1,"alexscaves_torpedoes:pulsargun":1,"alexscaves:scarlet_neodymium_ingot":13,"immersive_aircraft:quadrocopter":1,"alexscaves_torpedoes:magnetic_helmet":1,"regions_unexplored:magnolia_planks":56,"sophisticatedbackpacks:iron_backpack":1,"minecraft:cooked_beef":15,"immersive_aircraft:boiler":2,"minecraft:iron_sword":1,"immersive_aircraft:industrial_gears":1,"alexscaves:scrap_metal_plate":16,"sophisticatedbackpacks:gold_backpack":1,"minecraft:bucket":2,"minecraft:stone_axe":1,"minecraft:air":0,"minecraft:oak_boat":1,"minecraft:gold_nugget":9,"minecraft:iron_shovel":1,"minecraft:iron_leggings":1,"minecraft:white_bed":1,"minecraft:acacia_planks":68,"minecraft:torch":16},"minecraft:used":{"minecraft:iron_shovel":71,"minecraft:chest":12,"minecraft:shield":59,"minecraft:stone":6,"minecraft:iron_sword":254,"alexscaves:galena":61,"immersive_aircraft:quadrocopter":14,"minecraft:rotten_flesh":7,"minecraft:iron_chestplate":1,"minecraft:tuff":6,"regions_unexplored:willow_planks":3,"minecraft:glass":24,"alexscaves:azure_neodymium_pillar":1,"minecraft:villager_spawn_egg":12,"minecraft:grass_block":1,"minecraft:iron_helmet":1,"minecraft:bow":2,"minecraft:furnace":4,"minecraft:diorite":9,"minecraft:stone_pickaxe":86,"callfromthedepth_:deepstone":5,"minecraft:wooden_pickaxe":3,"minecraft:sugar_cane":4,"minecraft:glow_berries":101,"regions_unexplored:raw_redstone_block":1,"alexscaves:cave_book":2,"minecraft:blast_furnace":9,"alexscaves_torpedoes:ferrousslime_boots":2,"alexscaves_torpedoes:magnetic_helmet":2,"minecraft:lectern":13,"minecraft:andesite":4,"immersive_aircraft:gyrodyne":1,"minecraft:oak_boat":1,"alexscaves:magnetic_light":11,"alexscaves:quarry":2,"minecraft:experience_bottle":7,"minecraft:oak_fence":1,"minecraft:iron_bars":2,"minecraft:sculk":3,"alexsmobs:spawn_egg_cockroach":7,"immersive_aircraft:warship":1,"minecraft:oak_door":7,"minecraft:torch":42,"minecraft:brewing_stand":1,"alexsmobs:maraca":20,"minecraft:dirt":26,"minecraft:hopper":3,"minecraft:diamond_helmet":1,"alexscaves:spawn_egg_nucleeper":3,"minecraft:granite":1,"alexscaves:resistor_shield":524,"minecraft:iron_axe":124,"minecraft:oak_stairs":1,"minecraft:iron_boots":3,"alexsmobs:cockroach_ootheca":1,"minecraft:diamond_chestplate":1,"alexscaves:spelunkery_table":1,"minecraft:minecart":3,"tombstone:gift":5,"minecraft:cooked_beef":35,"minecraft:cobbled_deepslate":331,"minecraft:iron_leggings":2,"minecraft:cooked_mutton":5,"alexscaves:quarry_smasher":3,"minecraft:water_bucket":56,"regions_unexplored:peat_dirt":1,"minecraft:cherry_planks":4,"alexscaves_torpedoes:azure_sword":49,"minecraft:mossy_cobblestone":1,"minecraft:rail":1,"minecraft:crafting_table":30,"minecraft:white_bed":2,"callfromthedepth_:depth":15,"minecraft:diamond_pickaxe":812,"tombstone:tablet_of_assistance":6,"minecraft:iron_pickaxe":747,"minecraft:stone_axe":32,"minecraft:cobblestone":208,"minecraft:potion":6,"minecraft:cooked_porkchop":2,"minecraft:bucket":58,"alexsmobs:animal_dictionary":1,"minecraft:sculk_catalyst":1},"minecraft:picked_up":{"regions_unexplored:small_oak_log":2,"minecraft:iron_chestplate":2,"regions_unexplored:magnolia_log":15,"alexscaves_torpedoes:magnetic_helmet":8,"minecraft:oak_stairs":1,"minecraft:potion":4,"minecraft:enchanted_book":5,"alexscaves:azure_neodymium_ingot":2,"minecraft:string":9,"minecraft:raw_copper":40,"minecraft:diamond_leggings":1,"minecraft:cobbled_deepslate":378,"alexscaves:magnetic_light":6,"minecraft:furnace":4,"minecraft:stick":2,"minecraft:oak_fence":2,"minecraft:torch":34,"alexscaves:raw_azure_neodymium":119,"minecraft:acacia_log":17,"minecraft:porkchop":2,"minecraft:cherry_log":2,"regions_unexplored:raw_redstone_block":1,"tombstone:grave_dust":3,"minecraft:diorite":57,"regions_unexplored:daisy":17,"ancient_elements:topaz_shard":12,"minecraft:rotten_flesh":21,"alexscaves:galena_iron_ore":7,"alexscaves:notor_gizmo":1,"minecraft:snowball":8,"minecraft:iron_bars":2,"minecraft:cobblestone":255,"minecraft:leather_chestplate":1,"minecraft:cooked_beef":44,"minecraft:water_bucket":1,"minecraft:andesite":24,"minecraft:potato":2,"ancient_elements:raw_lead":3,"minecraft:flint":5,"minecraft:tuff":6,"minecraft:prismarine_bricks":1,"minecraft:dirt":111,"alexscaves:galena":181,"minecraft:bone":15,"minecraft:bow":1,"minecraft:wheat_seeds":21,"minecraft:raw_gold":7,"minecraft:prismarine":6,"minecraft:oak_planks":4,"alexsmobs:animal_dictionary":1,"minecraft:mossy_cobblestone":1,"minecraft:dark_prismarine":3,"warriorsofpastepoch:forgotten_steel":3,"regions_unexplored:hyssop":32,"minecraft:diamond":17,"minecraft:granite":15,"minecraft:bone_meal":1,"immersive_aircraft:quadrocopter":15,"alexscaves:heart_of_iron":3,"regions_unexplored:willow_log":11,"minecraft:emerald":1,"alexsmobs:maggot":2,"alexscaves:raw_scarlet_neodymium":363,"minecraft:crafting_table":23,"minecraft:leather_leggings":1,"minecraft:wooden_pickaxe":1,"minecraft:gold_block":9,"minecraft:chain":22,"minecraft:oak_trapdoor":1,"minecraft:moss_carpet":2,"alexscaves:scarlet_neodymium_ingot":2,"alexscaves:burrowing_arrow":2,"minecraft:beef":12,"minecraft:minecart":4,"minecraft:sugar_cane":33,"minecraft:chest":2,"minecraft:raw_iron":359,"ancient_elements:raw_steel":2,"minecraft:oak_door":1,"ancient_elements:raw_tin":3,"minecraft:carrot":1,"minecraft:redstone":31,"minecraft:arrow":8,"regions_unexplored:redstone_bulb":1,"alexscaves:spelunkery_table":1,"regions_unexplored:willow_planks":1,"callfromthedepth_:deepstone":5,"minecraft:glow_berries":1,"minecraft:mutton":5,"minecraft:white_wool":5,"regions_unexplored:peat_dirt":1,"minecraft:glow_ink_sac":4,"minecraft:salmon":10,"minecraft:leather":7,"alexscaves:heavyweight":4,"minecraft:oak_log":5,"minecraft:gunpowder":2,"alexscaves:ferrouslime_ball":15,"minecraft:wooden_hoe":1,"minecraft:paper":39,"minecraft:iron_ingot":31,"minecraft:glass_bottle":1,"minecraft:iron_sword":6,"minecraft:book":8,"minecraft:sculk_catalyst":1,"minecraft:smooth_basalt":8,"regions_unexplored:willow_sapling":1,"warriorsofpastepoch:batwing":5,"minecraft:gravel":35,"minecraft:amethyst_shard":5,"minecraft:soul_torch":1,"minecraft:blast_furnace":10,"minecraft:white_bed":2,"minecraft:spider_eye":2,"alexscaves:telecore":6,"alexsmobs:raw_catfish":2,"minecraft:sculk_sensor":7,"regions_unexplored:fireweed":19,"alexscaves:azure_neodymium_pillar":77,"alexscaves:scarlet_neodymium_pillar":281,"alexscaves:cave_map":2,"ancient_elements:topaz_crystal_block":9,"tombstone:magic_scroll":4,"minecraft:coal":621},"minecraft:custom":{"minecraft:interact_with_crafting_table":133,"minecraft:open_barrel":2,"minecraft:leave_game":10,"minecraft:time_since_death":324666,"minecraft:sprint_one_cm":974398,"minecraft:damage_blocked_by_shield":6803,"minecraft:drop":217,"minecraft:talked_to_villager":20,"minecraft:play_time":603008,"minecraft:deaths":1,"minecraft:jump":13602,"minecraft:walk_on_water_one_cm":54767,"minecraft:interact_with_furnace":27,"minecraft:interact_with_loom":24,"minecraft:sleep_in_bed":13,"minecraft:damage_dealt":13167,"minecraft:crouch_one_cm":193920,"tombstone:undead_killed":30,"minecraft:interact_with_smoker":2,"minecraft:mob_kills":142,"minecraft:inspect_hopper":5,"minecraft:damage_dealt_resisted":402,"minecraft:climb_one_cm":3911,"minecraft:walk_one_cm":417953,"minecraft:damage_dealt_absorbed":18,"minecraft:sneak_time":50951,"minecraft:walk_under_water_one_cm":75292,"minecraft:boat_one_cm":180215,"minecraft:interact_with_blast_furnace":59,"minecraft:total_world_time":603008,"minecraft:time_since_rest":45916,"minecraft:damage_absorbed":1,"minecraft:damage_taken":9849,"tombstone:cast_on_ally":0,"minecraft:swim_one_cm":186069,"minecraft:fly_one_cm":2593888,"minecraft:open_chest":114,"minecraft:fall_one_cm":195548}},"DataVersion":3465}