{"stats":{"minecraft:custom":{"minecraft:interact_with_furnace":10,"minecraft:mob_kills":13,"minecraft:interact_with_crafting_table":33,"minecraft:leave_game":1,"minecraft:time_since_death":95177,"minecraft:sleep_in_bed":1,"minecraft:time_since_rest":84325,"minecraft:sprint_one_cm":272099,"minecraft:damage_taken":1658,"minecraft:walk_one_cm":64663,"minecraft:drop":48,"minecraft:damage_dealt":1521,"minecraft:swim_one_cm":84663,"minecraft:fly_one_cm":691475,"minecraft:crouch_one_cm":20657,"minecraft:play_time":95177,"tombstone:undead_killed":1,"minecraft:sneak_time":8915,"minecraft:walk_under_water_one_cm":23131,"minecraft:boat_one_cm":180215,"minecraft:jump":1667,"minecraft:interact_with_blast_furnace":31,"minecraft:walk_on_water_one_cm":22118,"minecraft:total_world_time":95177,"minecraft:fall_one_cm":52838},"minecraft:used":{"minecraft:water_bucket":36,"minecraft:diorite":7,"minecraft:stone_pickaxe":86,"minecraft:wooden_pickaxe":3,"minecraft:cherry_planks":4,"minecraft:iron_chestplate":1,"minecraft:oak_door":7,"minecraft:torch":23,"minecraft:crafting_table":11,"minecraft:blast_furnace":6,"minecraft:white_bed":1,"minecraft:tuff":6,"minecraft:granite":1,"minecraft:iron_axe":16,"minecraft:iron_pickaxe":513,"minecraft:iron_helmet":1,"minecraft:iron_boots":1,"minecraft:stone_axe":32,"minecraft:cobblestone":128,"minecraft:furnace":2,"minecraft:andesite":4,"minecraft:bucket":36,"minecraft:oak_boat":1,"minecraft:cobbled_deepslate":68,"minecraft:iron_leggings":1},"minecraft:picked_up":{"regions_unexplored:small_oak_log":2,"minecraft:crafting_table":11,"minecraft:glow_ink_sac":2,"minecraft:andesite":4,"minecraft:leather":7,"minecraft:wooden_pickaxe":1,"minecraft:gold_block":7,"ancient_elements:raw_lead":1,"minecraft:tuff":6,"minecraft:oak_log":5,"minecraft:prismarine_bricks":1,"minecraft:gunpowder":2,"minecraft:wooden_hoe":1,"minecraft:raw_copper":40,"minecraft:wheat_seeds":2,"minecraft:cobbled_deepslate":117,"minecraft:raw_gold":6,"minecraft:iron_ingot":31,"minecraft:beef":12,"minecraft:prismarine":6,"minecraft:furnace":2,"minecraft:raw_iron":145,"minecraft:smooth_basalt":8,"minecraft:oak_door":1,"warriorsofpastepoch:batwing":2,"minecraft:torch":16,"minecraft:acacia_log":17,"minecraft:porkchop":2,"minecraft:cherry_log":1,"minecraft:blast_furnace":6,"minecraft:diorite":33,"minecraft:white_bed":1,"minecraft:redstone":23,"minecraft:dark_prismarine":3,"ancient_elements:topaz_shard":12,"minecraft:diamond":1,"minecraft:granite":1,"ancient_elements:topaz_crystal_block":9,"minecraft:mutton":5,"minecraft:coal":318,"minecraft:white_wool":4,"minecraft:cobblestone":174},"minecraft:broken":{"minecraft:iron_pickaxe":2},"minecraft:killed":{"minecraft:pig":1,"minecraft:creeper":1,"minecraft:sheep":3,"minecraft:skeleton":1,"minecraft:cow":7},"minecraft:dropped":{"minecraft:iron_ingot":49,"warriorsofpastepoch:batwing":2,"minecraft:stone_axe":1,"minecraft:wheat_seeds":2,"minecraft:glow_ink_sac":2,"minecraft:raw_copper":5,"minecraft:crafting_table":1,"minecraft:prismarine":6,"ancient_elements:raw_lead":1,"minecraft:wooden_hoe":2,"minecraft:iron_axe":1,"minecraft:stone_pickaxe":1,"minecraft:wooden_pickaxe":2,"minecraft:iron_pickaxe":1,"minecraft:dark_prismarine":3,"minecraft:smooth_basalt":8},"minecraft:mined":{"minecraft:dark_prismarine":4,"minecraft:tuff":6,"minecraft:white_bed":1,"ancient_elements:lead_ore":1,"minecraft:deepslate_diamond_ore":1,"minecraft:oak_door":1,"minecraft:cherry_log":1,"ancient_elements:budding_topaz":2,"minecraft:crafting_table":10,"minecraft:torch":2,"minecraft:granite":1,"minecraft:acacia_log":17,"minecraft:blast_furnace":6,"minecraft:tall_grass":1,"minecraft:copper_ore":12,"minecraft:deepslate_gold_ore":4,"minecraft:prismarine":6,"minecraft:sculk":47,"minecraft:diorite":34,"minecraft:wall_torch":3,"minecraft:prismarine_bricks":2,"ancient_elements:topaz_clust":3,"ancient_elements:topaz_crystal_block":9,"minecraft:furnace":2,"minecraft:iron_ore":97,"minecraft:andesite":4,"minecraft:gold_block":6,"minecraft:grass":11,"minecraft:coal_ore":55,"minecraft:oak_log":5,"minecraft:deepslate_iron_ore":1,"minecraft:gravel":1,"minecraft:smooth_basalt":2,"regions_unexplored:small_oak_log":2,"minecraft:stone":171,"minecraft:deepslate":121},"minecraft:crafted":{"immersive_aircraft:engine":1,"minecraft:cherry_planks":4,"minecraft:oak_door":6,"minecraft:oak_planks":28,"minecraft:smooth_stone":3,"immersive_aircraft:boiler":1,"minecraft:crafting_table":1,"minecraft:wooden_pickaxe":1,"minecraft:iron_helmet":1,"minecraft:furnace":2,"minecraft:blast_furnace":1,"minecraft:piston":2,"minecraft:copper_ingot":35,"minecraft:stone":3,"minecraft:bucket":1,"minecraft:stone_axe":1,"immersive_aircraft:propeller":4,"minecraft:air":0,"minecraft:oak_boat":1,"minecraft:iron_boots":1,"minecraft:iron_chestplate":1,"minecraft:wooden_hoe":1,"minecraft:iron_axe":2,"minecraft:stick":24,"minecraft:iron_ingot":92,"minecraft:iron_pickaxe":4,"minecraft:stone_pickaxe":1,"minecraft:iron_leggings":1,"minecraft:white_bed":1,"minecraft:acacia_planks":68,"minecraft:torch":16}},"DataVersion":3465}