{"stats":{"minecraft:killed":{"minecraft:spider":1,"minecraft:skeleton":1,"minecraft:warden":1,"minecraft:pig":1,"minecraft:creeper":1,"minecraft:sheep":3,"minecraft:cow":7},"minecraft:broken":{"minecraft:iron_pickaxe":3},"minecraft:crafted":{"immersive_aircraft:engine":1,"minecraft:cherry_planks":4,"callfromthedepth_:depth":1,"minecraft:oak_door":6,"minecraft:oak_planks":28,"minecraft:smooth_stone":3,"minecraft:furnace":2,"minecraft:blast_furnace":1,"minecraft:piston":2,"minecraft:stone":3,"minecraft:iron_boots":1,"sophisticatedbackpacks:copper_backpack":1,"minecraft:iron_axe":2,"minecraft:stone_pickaxe":1,"minecraft:chest":1,"immersive_aircraft:quadrocopter":1,"minecraft:cooked_beef":3,"sophisticatedbackpacks:backpack":1,"immersive_aircraft:boiler":1,"minecraft:crafting_table":2,"minecraft:wooden_pickaxe":1,"minecraft:iron_helmet":1,"minecraft:iron_sword":1,"minecraft:copper_ingot":35,"minecraft:bucket":1,"minecraft:stone_axe":1,"immersive_aircraft:propeller":4,"minecraft:air":0,"minecraft:oak_boat":1,"minecraft:iron_chestplate":1,"minecraft:wooden_hoe":1,"minecraft:diamond_pickaxe":1,"minecraft:stick":32,"minecraft:iron_ingot":92,"minecraft:iron_pickaxe":4,"minecraft:iron_leggings":1,"minecraft:white_bed":1,"minecraft:acacia_planks":68,"minecraft:torch":16},"minecraft:used":{"minecraft:stone":1,"minecraft:iron_sword":5,"minecraft:sculk":3,"immersive_aircraft:quadrocopter":1,"minecraft:iron_chestplate":1,"minecraft:oak_door":7,"minecraft:torch":36,"minecraft:tuff":6,"minecraft:granite":1,"minecraft:iron_axe":52,"minecraft:iron_helmet":1,"minecraft:iron_boots":1,"minecraft:furnace":2,"minecraft:cooked_beef":3,"minecraft:cobbled_deepslate":156,"minecraft:iron_leggings":2,"minecraft:water_bucket":36,"minecraft:diorite":9,"minecraft:stone_pickaxe":86,"callfromthedepth_:deepstone":5,"minecraft:wooden_pickaxe":3,"minecraft:cherry_planks":4,"minecraft:glow_berries":28,"minecraft:crafting_table":14,"minecraft:blast_furnace":6,"minecraft:white_bed":1,"callfromthedepth_:depth":15,"minecraft:diamond_pickaxe":20,"tombstone:tablet_of_assistance":6,"minecraft:iron_pickaxe":747,"minecraft:stone_axe":32,"minecraft:cobblestone":138,"minecraft:potion":2,"minecraft:andesite":4,"minecraft:bucket":37,"minecraft:oak_boat":1,"alexsmobs:animal_dictionary":1,"minecraft:sculk_catalyst":1,"minecraft:experience_bottle":5},"minecraft:custom":{"minecraft:mob_kills":15,"minecraft:interact_with_crafting_table":43,"minecraft:leave_game":5,"minecraft:time_since_death":170127,"minecraft:climb_one_cm":913,"minecraft:sprint_one_cm":425413,"minecraft:walk_one_cm":112804,"minecraft:drop":60,"minecraft:play_time":170127,"minecraft:sneak_time":23236,"minecraft:walk_under_water_one_cm":27509,"minecraft:boat_one_cm":180215,"minecraft:jump":2485,"minecraft:interact_with_blast_furnace":31,"minecraft:walk_on_water_one_cm":36526,"minecraft:total_world_time":170127,"minecraft:interact_with_furnace":10,"minecraft:sleep_in_bed":1,"minecraft:time_since_rest":159275,"minecraft:damage_taken":4025,"minecraft:damage_dealt":5645,"minecraft:swim_one_cm":89215,"minecraft:fly_one_cm":979705,"minecraft:open_chest":16,"minecraft:crouch_one_cm":72491,"tombstone:undead_killed":1,"minecraft:interact_with_smoker":2,"minecraft:fall_one_cm":85016},"minecraft:dropped":{"minecraft:iron_ingot":49,"minecraft:iron_sword":1,"minecraft:wheat_seeds":2,"minecraft:glow_ink_sac":2,"minecraft:crafting_table":1,"minecraft:oak_fence":1,"ancient_elements:raw_lead":1,"minecraft:stick":4,"minecraft:wooden_hoe":2,"minecraft:iron_leggings":2,"minecraft:iron_axe":1,"minecraft:iron_pickaxe":1,"minecraft:smooth_basalt":8,"minecraft:gravel":8,"warriorsofpastepoch:batwing":2,"minecraft:stone_axe":1,"alexsmobs:animal_dictionary":1,"minecraft:raw_copper":5,"minecraft:diamond_hoe":1,"minecraft:oak_planks":1,"minecraft:prismarine":6,"aether:diamond_gloves":1,"minecraft:iron_chestplate":2,"minecraft:stone_pickaxe":1,"minecraft:wooden_pickaxe":2,"minecraft:dark_prismarine":3},"minecraft:picked_up":{"regions_unexplored:small_oak_log":2,"minecraft:iron_chestplate":1,"minecraft:crafting_table":13,"minecraft:wooden_pickaxe":1,"minecraft:gold_block":7,"minecraft:string":4,"minecraft:raw_copper":40,"minecraft:cobbled_deepslate":358,"minecraft:beef":12,"minecraft:furnace":2,"minecraft:stick":1,"minecraft:raw_iron":146,"minecraft:oak_door":1,"minecraft:oak_fence":1,"minecraft:torch":26,"minecraft:acacia_log":17,"minecraft:porkchop":2,"minecraft:cherry_log":2,"minecraft:diorite":33,"minecraft:redstone":24,"ancient_elements:topaz_shard":12,"callfromthedepth_:deepstone":5,"minecraft:mutton":5,"minecraft:white_wool":4,"minecraft:cobblestone":174,"minecraft:glow_ink_sac":2,"minecraft:andesite":4,"minecraft:leather":7,"ancient_elements:raw_lead":3,"minecraft:tuff":6,"minecraft:oak_log":5,"minecraft:prismarine_bricks":1,"minecraft:gunpowder":2,"minecraft:wooden_hoe":1,"minecraft:bone":6,"minecraft:wheat_seeds":2,"minecraft:raw_gold":7,"minecraft:iron_ingot":31,"minecraft:prismarine":6,"minecraft:sculk_catalyst":1,"minecraft:smooth_basalt":8,"regions_unexplored:willow_sapling":1,"warriorsofpastepoch:batwing":2,"minecraft:gravel":8,"minecraft:blast_furnace":6,"minecraft:white_bed":1,"alexsmobs:animal_dictionary":1,"minecraft:dark_prismarine":3,"warriorsofpastepoch:forgotten_steel":3,"minecraft:diamond":5,"minecraft:granite":1,"immersive_aircraft:quadrocopter":1,"ancient_elements:topaz_crystal_block":9,"minecraft:coal":318},"minecraft:mined":{"minecraft:dark_prismarine":4,"minecraft:tuff":6,"minecraft:white_bed":1,"ancient_elements:lead_ore":1,"minecraft:deepslate_diamond_ore":5,"minecraft:oak_door":1,"minecraft:cherry_log":1,"minecraft:sculk_vein":8,"ancient_elements:budding_topaz":2,"minecraft:granite":1,"minecraft:acacia_log":17,"ancient_elements:topaz_clust":3,"minecraft:sculk_catalyst":2,"ancient_elements:topaz_crystal_block":9,"minecraft:furnace":2,"minecraft:iron_ore":97,"minecraft:cobbled_deepslate":3,"minecraft:fire":2,"minecraft:andesite":4,"minecraft:gold_block":6,"minecraft:sculk_shrieker":1,"minecraft:cave_vines":1,"minecraft:deepslate_iron_ore":1,"callfromthedepth_:deepstone":5,"warriorsofpastepoch:depositof_forgotten_steel":2,"regions_unexplored:small_oak_log":2,"minecraft:stone":171,"ancient_elements:deepslate_lead_ore":2,"minecraft:deepslate_redstone_ore":2,"minecraft:oak_fence":2,"minecraft:crafting_table":12,"minecraft:torch":4,"minecraft:blast_furnace":6,"minecraft:sculk_sensor":2,"minecraft:tall_grass":1,"minecraft:copper_ore":12,"minecraft:deepslate_gold_ore":5,"minecraft:prismarine":6,"minecraft:oak_planks":1,"minecraft:sculk":61,"minecraft:diorite":34,"minecraft:wall_torch":9,"minecraft:prismarine_bricks":2,"minecraft:grass":11,"minecraft:oak_log":5,"minecraft:coal_ore":55,"minecraft:gravel":2,"minecraft:cobweb":5,"minecraft:smooth_basalt":2,"minecraft:deepslate":330}},"DataVersion":3465}