{"stats":{"minecraft:used":{"minecraft:stone_pickaxe":21,"minecraft:iron_axe":2,"minecraft:iron_pickaxe":167,"minecraft:iron_helmet":1,"minecraft:wooden_pickaxe":8,"minecraft:gravel":1,"minecraft:stone_axe":42,"minecraft:iron_chestplate":1,"minecraft:cobblestone":14,"minecraft:crafting_table":5,"minecraft:furnace":3,"minecraft:oak_sapling":1,"minecraft:blast_furnace":2,"alexsmobs:animal_dictionary":1,"minecraft:iron_leggings":1},"minecraft:crafted":{"minecraft:smooth_stone":3,"minecraft:oak_planks":112,"minecraft:iron_chestplate":1,"minecraft:iron_boots":1,"minecraft:iron_axe":1,"minecraft:crafting_table":2,"minecraft:stick":12,"minecraft:wooden_pickaxe":1,"minecraft:iron_ingot":61,"minecraft:iron_helmet":1,"minecraft:iron_pickaxe":1,"minecraft:stone_pickaxe":1,"minecraft:iron_leggings":1,"minecraft:furnace":1,"minecraft:blast_furnace":1,"minecraft:stone":3,"minecraft:torch":8,"minecraft:stone_axe":1,"minecraft:air":0},"minecraft:dropped":{"minecraft:stone_axe":1,"minecraft:iron_axe":1,"minecraft:stone_pickaxe":1,"minecraft:wooden_pickaxe":3},"minecraft:custom":{"minecraft:time_since_rest":31884,"minecraft:interact_with_furnace":19,"minecraft:sprint_one_cm":54912,"minecraft:damage_taken":98,"minecraft:walk_one_cm":18921,"minecraft:drop":6,"minecraft:interact_with_crafting_table":14,"minecraft:fly_one_cm":34444,"minecraft:crouch_one_cm":6045,"minecraft:play_time":31884,"minecraft:sneak_time":2054,"minecraft:jump":314,"minecraft:interact_with_blast_furnace":18,"minecraft:leave_game":6,"minecraft:time_since_death":31884,"minecraft:total_world_time":31884,"minecraft:fall_one_cm":8451},"minecraft:picked_up":{"minecraft:birch_log":7,"minecraft:crafting_table":5,"minecraft:raw_iron":81,"minecraft:wooden_pickaxe":2,"minecraft:gravel":1,"minecraft:oak_log":28,"minecraft:blast_furnace":2,"minecraft:iron_axe":1,"minecraft:emerald":3,"minecraft:oak_sapling":1,"minecraft:oak_planks":123,"minecraft:coal":99,"minecraft:cobblestone":74,"minecraft:furnace":3},"minecraft:mined":{"minecraft:furnace":3,"minecraft:birch_log":7,"minecraft:iron_ore":65,"minecraft:crafting_table":5,"minecraft:grass":1,"minecraft:blast_furnace":2,"minecraft:emerald_ore":3,"minecraft:oak_log":28,"minecraft:coal_ore":48,"minecraft:gravel":1,"minecraft:stone":74,"minecraft:oak_leaves":8}},"DataVersion":3465}