{"stats":{"minecraft:crafted":{"minecraft:smooth_stone":3,"minecraft:oak_planks":128,"samurai_dynasty:iron_samurai_boots":1,"samurai_dynasty:diamond_samurai_chestplate_light":1,"samurai_dynasty:silver_ingot":5,"minecraft:furnace":2,"minecraft:blast_furnace":1,"minecraft:stone":4,"samurai_dynasty:iron_samurai_helmet_master":1,"wom:diamond_staff":1,"minecraft:iron_axe":1,"wom:iron_greataxe":1,"samurai_dynasty:diamond_samurai_boots":1,"minecraft:stone_pickaxe":1,"samurai_dynasty:iron_samurai_chestplate_master":1,"samurai_dynasty:iron_samurai_chestplate":1,"samurai_dynasty:steel_ingot":11,"minecraft:crafting_table":3,"minecraft:wooden_pickaxe":1,"minecraft:bucket":1,"samurai_dynasty:iron_samurai_leggings":1,"minecraft:birch_planks":84,"minecraft:stone_axe":1,"minecraft:air":0,"minecraft:oak_boat":1,"minecraft:stick":20,"minecraft:iron_pickaxe":1,"minecraft:iron_ingot":51,"wom:iron_staff":1,"minecraft:torch":16},"minecraft:killed_by":{"minecraft:player":5},"minecraft:picked_up":{"minecraft:crafting_table":9,"minecraft:wheat":4,"minecraft:wooden_pickaxe":1,"minecraft:moss_carpet":2,"minecraft:cooked_salmon":1,"minecraft:iron_leggings":2,"minecraft:cobbled_deepslate":144,"minecraft:beef":2,"samurai_dynasty:raw_silver":5,"minecraft:oak_boat":2,"minecraft:calcite":4,"soul_like_armors_reworked:dagger":1,"minecraft:chest":1,"minecraft:birch_sapling":1,"minecraft:egg":3,"minecraft:furnace":4,"minecraft:stick":2,"minecraft:raw_iron":79,"minecraft:stone":1,"minecraft:torch":10,"tombstone:grave_dust":2,"minecraft:diorite":13,"minecraft:redstone":4,"minecraft:prismarine_crystals":3,"soul_like_armors_reworked:estusflask":1,"minecraft:golden_hoe":1,"minecraft:saddle":2,"minecraft:mutton":1,"minecraft:cobblestone":124,"minecraft:wet_sponge":1,"minecraft:birch_log":21,"samurai_dynasty:jade":4,"minecraft:birch_planks":49,"wom:iron_greataxe":1,"minecraft:flint":5,"minecraft:tuff":99,"minecraft:oak_log":32,"minecraft:prismarine_bricks":4,"minecraft:gunpowder":25,"minecraft:dirt":29,"minecraft:kelp":6,"alexsmobs:cockroach_wing_fragment":3,"minecraft:raw_gold":3,"minecraft:spruce_wood":8,"minecraft:stone_pickaxe":4,"minecraft:prismarine":2,"minecraft:oak_planks":5,"samurai_dynasty:iron_samurai_boots":1,"minecraft:smooth_basalt":1,"minecraft:birch_boat":3,"wom:iron_staff":1,"minecraft:blast_furnace":11,"alexsmobs:animal_dictionary":4,"minecraft:dark_prismarine":1,"minecraft:diamond":12,"minecraft:stone_axe":2,"minecraft:granite":23,"minecraft:oak_sapling":8,"minecraft:coal":144},"minecraft:custom":{"minecraft:mob_kills":3,"minecraft:interact_with_crafting_table":30,"minecraft:open_barrel":7,"minecraft:leave_game":4,"minecraft:time_since_death":86494,"minecraft:climb_one_cm":808,"minecraft:sprint_one_cm":524195,"minecraft:walk_one_cm":229009,"minecraft:drop":75,"minecraft:play_time":153088,"minecraft:deaths":5,"minecraft:sneak_time":23725,"minecraft:walk_under_water_one_cm":38041,"minecraft:boat_one_cm":146295,"tombstone:tomb_raiding":2,"minecraft:jump":2406,"minecraft:interact_with_blast_furnace":45,"minecraft:walk_on_water_one_cm":55564,"minecraft:total_world_time":153088,"minecraft:interact_with_furnace":17,"minecraft:time_since_rest":85011,"minecraft:damage_taken":8756,"minecraft:damage_dealt":6401,"minecraft:swim_one_cm":103315,"minecraft:fly_one_cm":774342,"minecraft:player_kills":4,"minecraft:open_chest":12,"minecraft:crouch_one_cm":109563,"minecraft:fall_one_cm":59609},"minecraft:dropped":{"samurai_dynasty:iron_samurai_leggings":1,"minecraft:birch_planks":101,"minecraft:diamond":72,"minecraft:prismarine_crystals":3,"samurai_dynasty:iron_samurai_boots":2,"minecraft:saddle":6,"minecraft:coal":7,"minecraft:stick":10,"minecraft:music_disc_13":1,"minecraft:diorite":2,"tombstone:grave_dust":5,"minecraft:iron_leggings":1,"minecraft:wet_sponge":1,"minecraft:golden_hoe":1,"minecraft:flowering_azalea":1,"minecraft:bone":7,"minecraft:redstone":4,"minecraft:stone_axe":1,"minecraft:moss_carpet":6,"minecraft:kelp":6,"samurai_dynasty:iron_samurai_chestplate":1,"minecraft:cobbled_deepslate":1,"alexsmobs:animal_dictionary":3,"minecraft:birch_sapling":1,"tombstone:gift":1,"minecraft:prismarine":2,"wom:iron_staff":1,"minecraft:stone":1,"alexsmobs:cockroach_wing_fragment":3,"soul_like_armors_reworked:dagger":4,"minecraft:stone_pickaxe":3,"minecraft:wooden_pickaxe":4,"minecraft:prismarine_bricks":1,"minecraft:egg":2},"minecraft:killed":{"minecraft:spider":1,"alexsmobs:cockroach":1,"alexsmobs:terrapin":1},"minecraft:used":{"samurai_dynasty:iron_samurai_chestplate_master":3,"minecraft:chest":1,"soul_like_armors_reworked:estusflask":6,"minecraft:torch":17,"minecraft:dirt":37,"minecraft:prismarine_bricks":3,"samurai_dynasty:diamond_samurai_boots":1,"minecraft:tuff":68,"wom:iron_greataxe":21,"soul_like_armors_reworked:dagger":36,"samurai_dynasty:iron_samurai_boots":1,"wom:diamond_staff":137,"wom:iron_staff":122,"samurai_dynasty:iron_samurai_leggings":1,"minecraft:smooth_basalt":1,"minecraft:furnace":4,"minecraft:oak_sapling":8,"tombstone:gift":2,"minecraft:egg":1,"minecraft:cobbled_deepslate":143,"minecraft:calcite":4,"samurai_dynasty:diamond_samurai_chestplate_light":1,"minecraft:water_bucket":62,"minecraft:diorite":4,"minecraft:birch_planks":33,"minecraft:birch_leaves":4,"minecraft:stone_pickaxe":128,"minecraft:oak_planks":63,"minecraft:wooden_pickaxe":6,"minecraft:birch_boat":3,"minecraft:oak_leaves":1,"minecraft:crafting_table":12,"minecraft:blast_furnace":11,"minecraft:dark_prismarine":1,"minecraft:iron_pickaxe":192,"samurai_dynasty:iron_samurai_chestplate":4,"minecraft:stone_axe":78,"samurai_dynasty:iron_samurai_helmet_master":1,"minecraft:cobblestone":108,"minecraft:bucket":63,"minecraft:oak_boat":3},"minecraft:mined":{"minecraft:tuff":8,"minecraft:oak_sapling":5,"minecraft:deepslate_diamond_ore":12,"minecraft:granite":23,"minecraft:grass_block":6,"minecraft:kelp":1,"minecraft:spawner":1,"minecraft:tall_seagrass":1,"minecraft:furnace":4,"minecraft:iron_ore":20,"minecraft:cobbled_deepslate":1,"minecraft:fire":7,"minecraft:deepslate_iron_ore":36,"minecraft:packed_ice":2,"minecraft:wet_sponge":1,"minecraft:stone":119,"minecraft:crafting_table":8,"minecraft:torch":3,"minecraft:blast_furnace":11,"minecraft:calcite":4,"minecraft:prismarine":2,"minecraft:oak_planks":7,"minecraft:diorite":13,"minecraft:wall_torch":4,"minecraft:prismarine_bricks":2,"minecraft:seagrass":1,"minecraft:birch_log":20,"samurai_dynasty:deepslate_silver_ore":5,"minecraft:ice":3,"samurai_dynasty:deepslate_jade_ore":4,"minecraft:birch_leaves":5,"minecraft:oak_log":32,"minecraft:coal_ore":38,"minecraft:dirt":25,"minecraft:smooth_basalt":1,"minecraft:deepslate":15}},"DataVersion":3465}