{"stats":{"minecraft:crafted":{"minecraft:oak_planks":4,"samurai_dynasty:iron_samurai_boots":1,"minecraft:cobblestone_slab":6,"minecraft:birch_slab":36,"minecraft:stone":24,"minecraft:bow":6,"minecraft:diamond_helmet":1,"minecraft:diamond_leggings":2,"minecraft:chest":13,"minecraft:golden_axe":1,"minecraft:emerald":70,"minecraft:arrow":192,"samurai_dynasty:steel_ingot":17,"minecraft:crafting_table":2,"minecraft:spruce_planks":512,"tombstone:decorative_grave_simple":1,"minecraft:golden_pickaxe":1,"minecraft:spruce_door":6,"minecraft:chainmail_chestplate":12,"minecraft:birch_planks":1100,"samurai_dynasty:iron_samurai_helmet_light":2,"minecraft:iron_chestplate":1,"minecraft:diamond_pickaxe":2,"samurai_dynasty:diamond_samurai_helmet_light":1,"minecraft:stick":44,"minecraft:iron_ingot":46,"minecraft:iron_pickaxe":2,"wom:iron_staff":2,"wom:golden_staff":1,"minecraft:redstone":20,"samurai_dynasty:diamond_samurai_chestplate_light":1,"minecraft:iron_nugget":225,"samurai_dynasty:iron_samurai_boots_light":1,"minecraft:furnace":1,"minecraft:bone_meal":192,"minecraft:spruce_fence":39,"minecraft:lantern":28,"minecraft:spruce_stairs":24,"wom:diamond_staff":3,"minecraft:spruce_slab":18,"minecraft:ender_pearl":2,"minecraft:stone_pickaxe":1,"minecraft:cobblestone_wall":24,"minecraft:diamond_boots":3,"minecraft:wheat":36,"minecraft:coal_block":10,"minecraft:crossbow":1,"minecraft:stone_axe":1,"minecraft:glowstone":8,"minecraft:bread":83,"minecraft:air":0,"samurai_dynasty:diamond_samurai_leggings_light":1,"samurai_dynasty:diamond_samurai_boots_light":1,"minecraft:chainmail_boots":12,"tombstone:dark_marble":3,"minecraft:iron_leggings":12,"samurai_dynasty:iron_samurai_chestplate_light":2,"minecraft:white_bed":2,"samurai_dynasty:iron_samurai_leggings_light":2,"minecraft:acacia_planks":4,"minecraft:lapis_lazuli":14,"minecraft:clay":15},"minecraft:killed_by":{"minecraft:player":4},"minecraft:broken":{"wom:diamond_staff":1,"samurai_dynasty:diamond_samurai_boots_light":1,"samurai_dynasty:diamond_samurai_helmet_light":1,"minecraft:golden_axe":1},"minecraft:picked_up":{"minecraft:wheat":202,"minecraft:chainmail_boots":3,"minecraft:flower_pot":1,"minecraft:anvil":3,"minecraft:diamond_sword":11,"minecraft:oak_stairs":1,"minecraft:potion":2,"minecraft:enchanted_book":1,"minecraft:brewing_stand":2,"soul_like_armors_reworked:rustysteel_chestplate":4,"minecraft:string":289,"minecraft:beetroot":5,"alexsmobs:blood_sac":3,"minecraft:gold_nugget":3,"minecraft:cobbled_deepslate":139,"bosses_of_mass_destruction:soul_star":5,"minecraft:spruce_planks":56,"minecraft:redstone_torch":1,"minecraft:cobblestone_slab":2,"soul_like_armors_reworked:dagger":3,"minecraft:coal_block":10,"minecraft:iron_boots":3,"minecraft:furnace":7,"minecraft:golden_helmet":1,"minecraft:stick":184,"minecraft:sheaf_pottery_sherd":1,"minecraft:composter":2,"minecraft:acacia_log":1,"minecraft:torch":21,"cataclysm:chiseled_stone_brick_pillar":1,"minecraft:spruce_stairs":24,"epicfight:skillbook":57,"tombstone:grave_dust":75,"minecraft:diorite":1,"minecraft:golden_chestplate":1,"minecraft:stone_sword":2,"minecraft:rotten_flesh":157,"minecraft:end_rod":1,"minecraft:white_terracotta":1,"minecraft:blaze_rod":3,"minecraft:obsidian":6,"cataclysm:stone_pillar":8,"minecraft:snowball":16,"minecraft:cobblestone":191,"minecraft:birch_log":282,"minecraft:enchanting_table":2,"epicfight:stone_spear":2,"minecraft:magma_cream":1,"minecraft:repeater":32,"minecraft:water_bucket":1,"minecraft:birch_slab":39,"minecraft:andesite":23,"minecraft:black_bed":4,"minecraft:brown_wool":2,"minecraft:golden_leggings":1,"minecraft:smoker":1,"minecraft:potato":15,"alexsmobs:bear_fur":2,"minecraft:tuff":10,"samurai_dynasty:iron_samurai_boots_light":1,"minecraft:wither_skeleton_skull":2,"minecraft:dirt":114,"minecraft:lantern":5,"samurai_dynasty:steel_ingot":40,"minecraft:leather_boots":1,"minecraft:glass":33,"minecraft:bone":310,"minecraft:chipped_anvil":2,"minecraft:bow":5,"minecraft:stonecutter":1,"samurai_dynasty:cloth":1,"minecraft:wheat_seeds":744,"minecraft:birch_wood":1,"minecraft:grindstone":1,"soul_like_armors_reworked:dark_knight_helmet":5,"soul_like_armors_reworked:rustysteel_boots":3,"minecraft:glowstone_dust":4,"minecraft:bamboo":9,"wom:diamond_legbottomseal":1,"minecraft:oak_planks":12,"minecraft:cooked_porkchop":1,"minecraft:music_disc_13":1,"soul_like_armors_reworked:dark_knight_leggings":2,"sophisticatedbackpacks:iron_backpack":1,"alexsmobs:animal_dictionary":3,"minecraft:mossy_cobblestone":2,"minecraft:bundle":9,"minecraft:iron_hoe":1,"soul_like_armors_reworked:dark_knight_boots":3,"minecraft:angler_pottery_sherd":1,"minecraft:diamond":97,"tombstone:tablet_of_recall":1,"minecraft:crossbow":8,"minecraft:granite":6,"minecraft:bone_meal":102,"minecraft:golden_apple":1,"minecraft:chainmail_helmet":2,"minecraft:emerald":12,"minecraft:bread":40,"alexsmobs:maggot":25,"minecraft:rooted_dirt":1,"minecraft:chorus_fruit":3,"minecraft:diamond_pickaxe":1,"minecraft:shelter_pottery_sherd":1,"minecraft:coarse_dirt":26,"sophisticatedbackpacks:gold_backpack":1,"minecraft:crafting_table":6,"minecraft:nether_wart":22,"minecraft:clay_ball":64,"minecraft:redstone_lamp":84,"minecraft:wooden_pickaxe":3,"minecraft:gold_block":3,"soul_like_armors_reworked:darkknightsword":3,"soul_like_armors_reworked:darkknightshield":3,"minecraft:moss_carpet":8,"minecraft:iron_axe":4,"minecraft:cyan_carpet":59,"minecraft:glass_pane":74,"minecraft:cartography_table":1,"minecraft:player_head":4,"minecraft:cyan_wool":6,"minecraft:poppy":9,"minecraft:spruce_slab":1,"minecraft:chest":11,"minecraft:birch_sapling":24,"minecraft:piston":14,"samurai_dynasty:aquamarine":10,"minecraft:dark_oak_sapling":1,"minecraft:raw_iron":20,"minecraft:stone":1,"minecraft:spruce_fence":12,"sophisticatedbackpacks:backpack":2,"minecraft:cookie":1,"minecraft:carrot":17,"minecraft:redstone":10,"soul_like_armors_reworked:rustysteel_helmet":6,"samurai_dynasty:akaname_tongue":6,"minecraft:dark_oak_planks":2,"soul_like_armors_reworked:estusflask":140,"minecraft:arrow":88,"minecraft:beetroot_seeds":12,"minecraft:nether_bricks":3,"tombstone:essence_of_undeath":1,"minecraft:saddle":6,"minecraft:gold_ingot":51,"minecraft:totem_of_undying":2,"sophisticatedbackpacks:copper_backpack":1,"minecraft:skeleton_skull":2,"minecraft:white_wool":2,"samurai_dynasty:ruby":3,"alexsmobs:acacia_blossom":1,"minecraft:birch_planks":346,"minecraft:oak_log":6,"minecraft:chainmail_chestplate":1,"minecraft:yellow_bed":1,"minecraft:golden_boots":3,"minecraft:cobblestone_wall":2,"minecraft:gunpowder":54,"tombstone:voodoo_poppet":2,"minecraft:wooden_hoe":1,"minecraft:white_banner":8,"tombstone:gift":3,"minecraft:podzol":1,"minecraft:smooth_sandstone":1,"soul_like_armors_reworked:rustyshield":3,"minecraft:stone_bricks":2,"minecraft:iron_ingot":33,"minecraft:stone_pickaxe":2,"minecraft:cooked_chicken":2,"tombstone:bag_of_seeds":3,"minecraft:glass_bottle":5,"minecraft:flowering_azalea":2,"minecraft:book":107,"wom:agony":1,"minecraft:birch_boat":2,"minecraft:sweet_berries":44,"wom:iron_staff":1,"minecraft:dandelion":3,"minecraft:gravel":1,"minecraft:lava_bucket":1,"minecraft:spruce_sapling":59,"minecraft:blast_furnace":4,"minecraft:spruce_log":258,"soul_like_armors_reworked:rustysteelmace":4,"minecraft:spruce_door":1,"minecraft:spider_eye":41,"samurai_dynasty:oni_horn":5,"soul_like_armors_reworked:dark_knight_chestplate":5,"minecraft:snort_pottery_sherd":1,"wom:diamond_legtopseal":2,"minecraft:chainmail_leggings":1,"minecraft:warped_roots":3,"minecraft:damaged_anvil":1,"tombstone:magic_scroll":8,"minecraft:warped_nylium":1,"soul_like_armors_reworked:rustysteel_leggings":1,"minecraft:dark_oak_wood":1,"minecraft:coal":363,"minecraft:ender_pearl":3},"minecraft:custom":{"minecraft:animals_bred":1,"minecraft:interact_with_crafting_table":83,"minecraft:open_barrel":43,"minecraft:eat_cake_slice":1,"minecraft:leave_game":11,"minecraft:time_since_death":459991,"minecraft:damage_resisted":30,"minecraft:sprint_one_cm":2682013,"minecraft:drop":438,"minecraft:talked_to_villager":41,"minecraft:play_time":847870,"minecraft:deaths":7,"tombstone:tomb_raiding":4,"minecraft:jump":8673,"minecraft:interact_with_brewingstand":1,"minecraft:walk_on_water_one_cm":100529,"minecraft:interact_with_furnace":22,"minecraft:traded_with_villager":165,"minecraft:interact_with_cartography_table":1,"minecraft:sleep_in_bed":32,"tombstone:sneak_grave":2,"minecraft:damage_dealt":188446,"minecraft:player_kills":6,"minecraft:crouch_one_cm":240161,"tombstone:undead_killed":393,"tombstone:villager_killed":2,"minecraft:interact_with_smoker":1,"minecraft:interact_with_anvil":22,"minecraft:mob_kills":701,"minecraft:damage_dealt_resisted":21469,"minecraft:climb_one_cm":6846,"minecraft:walk_one_cm":3666928,"minecraft:raid_win":1,"minecraft:sneak_time":31385,"minecraft:walk_under_water_one_cm":22218,"minecraft:boat_one_cm":123987,"minecraft:interact_with_blast_furnace":36,"minecraft:total_world_time":847870,"tombstone:raider_killed":60,"minecraft:raid_trigger":1,"minecraft:interact_with_stonecutter":2,"minecraft:interact_with_grindstone":1,"minecraft:time_since_rest":85474,"minecraft:damage_absorbed":245,"minecraft:damage_taken":35721,"tombstone:cast_on_ally":1,"minecraft:swim_one_cm":93382,"minecraft:fly_one_cm":4105627,"minecraft:open_chest":482,"minecraft:fall_one_cm":242123},"minecraft:dropped":{"sophisticatedbackpacks:iron_backpack":1,"samurai_dynasty:iron_samurai_leggings_light":2,"minecraft:birch_planks":311,"samurai_dynasty:aquamarine":10,"minecraft:cooked_beef":64,"minecraft:chorus_fruit":6,"minecraft:golden_pickaxe":1,"minecraft:glass_bottle":5,"minecraft:diamond":4,"minecraft:crafting_table":1,"minecraft:dark_oak_sapling":1,"soul_like_armors_reworked:rustysteelmace":4,"soul_like_armors_reworked:estusflask":14,"minecraft:crossbow":6,"minecraft:cookie":1,"samurai_dynasty:iron_samurai_boots":1,"minecraft:lantern":1,"minecraft:rooted_dirt":1,"minecraft:sheaf_pottery_sherd":1,"minecraft:birch_slab":35,"wom:diamond_staff":1,"minecraft:dirt":39,"minecraft:iron_pickaxe":1,"minecraft:cyan_carpet":43,"minecraft:bone":53,"minecraft:gold_ingot":48,"minecraft:stone_axe":1,"minecraft:cooked_chicken":1,"minecraft:birch_sapling":2,"soul_like_armors_reworked:rustysteel_helmet":5,"minecraft:rotten_flesh":39,"minecraft:oak_planks":9,"minecraft:white_bed":1,"minecraft:carrot":4,"wom:iron_staff":2,"minecraft:chainmail_chestplate":14,"minecraft:poppy":1,"soul_like_armors_reworked:rustyshield":1,"samurai_dynasty:iron_samurai_chestplate_light":2,"minecraft:gunpowder":7,"minecraft:beetroot_seeds":16,"minecraft:melon_seeds":3,"soul_like_armors_reworked:dagger":2,"soul_like_armors_reworked:dark_knight_helmet":3,"minecraft:chainmail_boots":20,"minecraft:snort_pottery_sherd":1,"minecraft:arrow":6,"soul_like_armors_reworked:dark_knight_chestplate":2,"minecraft:glass":11,"samurai_dynasty:akaname_tongue":2,"minecraft:water_bucket":1,"minecraft:golden_boots":1,"minecraft:iron_ingot":100,"minecraft:bread":198,"minecraft:shelter_pottery_sherd":1,"minecraft:wheat_seeds":122,"samurai_dynasty:steel_ingot":40,"minecraft:diamond_leggings":1,"minecraft:cobblestone":196,"minecraft:book":6,"wom:iron_greataxe":1,"soul_like_armors_reworked:rustysteel_boots":2,"minecraft:chainmail_helmet":4,"minecraft:coal":3,"minecraft:coal_block":20,"minecraft:golden_apple":5,"wom:golden_staff":1,"minecraft:stick":94,"minecraft:lava_bucket":1,"minecraft:brown_wool":2,"tombstone:grave_dust":3,"minecraft:iron_leggings":11,"minecraft:oak_stairs":1,"minecraft:iron_axe":4,"minecraft:chainmail_leggings":3,"minecraft:string":10,"tombstone:voodoo_poppet":1,"samurai_dynasty:iron_samurai_helmet_light":2,"alexsmobs:maggot":3,"minecraft:sweet_berries":36,"alexsmobs:acacia_blossom":1,"minecraft:coarse_dirt":7,"samurai_dynasty:iron_samurai_boots_light":2,"minecraft:raw_iron":28,"minecraft:wither_skeleton_skull":2,"minecraft:iron_boots":2,"minecraft:iron_hoe":1,"sophisticatedbackpacks:backpack":2,"soul_like_armors_reworked:darkknightshield":2,"wom:diamond_legtopseal":3,"minecraft:spruce_fence":4,"alexsmobs:bear_fur":2,"minecraft:pumpkin_seeds":7,"minecraft:blast_furnace":2,"minecraft:diamond_sword":3,"minecraft:potato":28,"minecraft:cyan_wool":4,"soul_like_armors_reworked:darkknightsword":3,"minecraft:bundle":1,"minecraft:diamond_pickaxe":1,"minecraft:yellow_bed":1,"soul_like_armors_reworked:rustysteel_chestplate":1,"minecraft:redstone_torch":1,"minecraft:spider_eye":33,"tombstone:essence_of_undeath":1,"minecraft:spruce_log":6,"sophisticatedbackpacks:copper_backpack":1,"minecraft:bow":5,"minecraft:stone_pickaxe":2,"minecraft:raw_gold":1,"epicfight:skillbook":20},"minecraft:killed":{"minecraft:cave_spider":87,"minecraft:zombified_piglin":6,"minecraft:witch":4,"minecraft:spider":54,"samurai_dynasty:komainu":2,"minecraft:skeleton":43,"minecraft:magma_cube":19,"alexsmobs:grizzly_bear":4,"minecraft:zombie_villager":4,"samurai_dynasty:akaname":3,"minecraft:iron_golem":1,"minecraft:creeper":24,"alexsmobs:crimson_mosquito":6,"minecraft:trader_llama":2,"minecraft:pillager":27,"minecraft:zombie":154,"alexsmobs:sunbird":1,"alexsmobs:fly":18,"minecraft:blaze":6,"minecraft:vex":1,"minecraft:evoker":2,"minecraft:vindicator":9,"samurai_dynasty:tanuki":1,"samurai_dynasty:enenra":1,"minecraft:wandering_trader":1,"samurai_dynasty:oni":5,"minecraft:ravager":2,"alexsmobs:cockroach":1,"minecraft:wither_skeleton":186,"minecraft:villager":1,"minecraft:enderman":6},"minecraft:used":{"tombstone:scroll_of_unstable_intangibility":1,"minecraft:poppy":7,"minecraft:chest":24,"minecraft:white_terracotta":1,"minecraft:stone":58,"minecraft:rotten_flesh":2,"minecraft:carrot":10,"wom:diamond_legtopseal":2,"minecraft:tuff":10,"minecraft:snowball":16,"minecraft:glass":22,"wom:agony":195,"tombstone:decorative_grave_simple":1,"minecraft:lava_bucket":41,"minecraft:lantern":32,"minecraft:grass_block":5,"minecraft:birch_sapling":18,"wom:diamond_staff":7230,"wom:iron_staff":667,"minecraft:sweet_berries":6,"minecraft:furnace":2,"minecraft:beetroot_seeds":10,"minecraft:potato":16,"soul_like_armors_reworked:rustysteelmace":3,"epicfight:skillbook":15,"minecraft:damaged_anvil":1,"minecraft:cow_spawn_egg":2,"minecraft:spruce_door":5,"minecraft:stone_pickaxe":123,"minecraft:ender_pearl":1,"minecraft:wooden_pickaxe":43,"minecraft:chainmail_helmet":2,"minecraft:clay":15,"minecraft:diamond_axe":1010,"minecraft:golden_apple":4,"minecraft:golden_hoe":1,"minecraft:blast_furnace":4,"minecraft:black_bed":4,"minecraft:birch_slab":40,"minecraft:bread":261,"minecraft:cyan_carpet":1,"minecraft:diamond_sword":5,"samurai_dynasty:diamond_samurai_leggings_light":2,"minecraft:andesite":23,"minecraft:birch_log":8,"minecraft:coarse_dirt":39,"minecraft:bone_meal":90,"minecraft:experience_bottle":132,"tombstone:scroll_of_frost_resistance":1,"minecraft:spruce_planks":365,"soul_like_armors_reworked:estusflask":94,"minecraft:cooked_chicken":1,"minecraft:torch":22,"minecraft:brewing_stand":1,"minecraft:dirt":156,"minecraft:anvil":4,"minecraft:spruce_stairs":44,"minecraft:cobblestone_wall":11,"minecraft:spruce_fence":43,"soul_like_armors_reworked:dagger":52,"minecraft:chipped_anvil":2,"minecraft:smooth_sandstone":1,"epicfight:diamond_tachi":4,"minecraft:bamboo":10,"tombstone:gift":19,"minecraft:cooked_beef":99,"minecraft:cobbled_deepslate":106,"minecraft:golden_axe":32,"minecraft:wheat_seeds":185,"samurai_dynasty:diamond_samurai_helmet_light":2,"minecraft:water_bucket":117,"tombstone:scroll_of_knowledge":2,"minecraft:dirt_path":1,"minecraft:birch_planks":928,"minecraft:bundle":1,"minecraft:cartography_table":1,"minecraft:stonecutter":1,"minecraft:cobblestone_slab":6,"minecraft:mossy_cobblestone":2,"minecraft:crafting_table":6,"minecraft:white_bed":2,"tombstone:bag_of_seeds":4,"minecraft:oak_log":2,"minecraft:piston":3,"minecraft:diamond_pickaxe":241,"minecraft:iron_pickaxe":88,"tombstone:magic_scroll":6,"minecraft:spruce_sapling":87,"wom:diamond_greataxe":3,"minecraft:stone_axe":1,"minecraft:cobblestone":1031,"minecraft:bucket":117,"minecraft:glass_pane":34,"alexsmobs:animal_dictionary":1,"minecraft:dandelion":2},"minecraft:mined":{"minecraft:spruce_planks":51,"minecraft:brewing_stand":2,"minecraft:obsidian":5,"minecraft:granite":6,"minecraft:acacia_log":1,"minecraft:grass_block":9,"minecraft:brown_wool":1,"minecraft:coal_block":9,"minecraft:nether_wart":20,"minecraft:spawner":31,"minecraft:potted_fern":1,"minecraft:iron_ore":2,"minecraft:fire":4,"minecraft:anvil":4,"minecraft:enchanting_table":2,"minecraft:white_banner":3,"minecraft:player_head":4,"minecraft:spruce_slab":1,"minecraft:smoker":1,"minecraft:clay":1,"minecraft:torch":4,"minecraft:blast_furnace":2,"minecraft:poppy":7,"minecraft:chest":15,"minecraft:dead_bush":1,"minecraft:nether_quartz_ore":5,"minecraft:cobblestone":81,"minecraft:birch_wood":1,"minecraft:grindstone":1,"minecraft:wall_torch":18,"minecraft:birch_sapling":1,"minecraft:skeleton_skull":2,"minecraft:white_terracotta":1,"minecraft:cyan_wool":6,"minecraft:repeater":6,"minecraft:birch_log":272,"minecraft:wheat":192,"minecraft:black_bed":3,"minecraft:stone_brick_stairs":1,"minecraft:grass":20,"minecraft:oak_log":2,"minecraft:beetroots":5,"minecraft:dirt":6,"minecraft:stonecutter":1,"minecraft:piston":11,"minecraft:oak_leaves":1,"minecraft:deepslate":107,"minecraft:redstone_lamp":39,"minecraft:tuff":10,"minecraft:mossy_cobblestone":2,"minecraft:deepslate_diamond_ore":22,"samurai_dynasty:deepslate_aquamarine_ore":10,"minecraft:nether_bricks":3,"minecraft:spruce_fence":4,"minecraft:decorated_pot":1,"minecraft:redstone_wire":4,"minecraft:spruce_leaves":141,"minecraft:birch_slab":38,"minecraft:cartography_table":1,"minecraft:rooted_dirt":1,"minecraft:spruce_sapling":1,"minecraft:furnace":2,"minecraft:carrots":4,"minecraft:gold_block":6,"minecraft:bookshelf":26,"minecraft:potatoes":6,"minecraft:deepslate_iron_ore":18,"minecraft:cobblestone_slab":2,"minecraft:lantern":4,"minecraft:bamboo":1,"minecraft:stone":41,"minecraft:cake":1,"minecraft:glass_pane":17,"minecraft:dandelion":2,"minecraft:spruce_door":1,"minecraft:smooth_sandstone":1,"minecraft:crafting_table":5,"minecraft:tall_grass":6,"minecraft:spruce_stairs":23,"minecraft:birch_planks":254,"minecraft:coarse_dirt":3,"minecraft:cobblestone_wall":2,"minecraft:sweet_berry_bush":22,"minecraft:spruce_log":272,"minecraft:birch_leaves":38,"minecraft:yellow_bed":1,"minecraft:coal_ore":1,"minecraft:end_rod":1,"minecraft:cyan_carpet":8,"minecraft:gravel":1,"minecraft:stone_bricks":1,"minecraft:deepslate_emerald_ore":1,"minecraft:chipped_anvil":2,"minecraft:fern":1}},"DataVersion":3465}