{"stats":{"minecraft:crafted":{"minecraft:oak_planks":4,"minecraft:birch_slab":24,"minecraft:stone":24,"minecraft:diamond_helmet":1,"minecraft:diamond_leggings":2,"minecraft:bow":6,"minecraft:chest":8,"minecraft:golden_axe":1,"minecraft:arrow":192,"minecraft:emerald":70,"samurai_dynasty:steel_ingot":17,"minecraft:crafting_table":1,"tombstone:decorative_grave_simple":1,"minecraft:chainmail_chestplate":12,"minecraft:birch_planks":1092,"minecraft:iron_chestplate":1,"minecraft:diamond_pickaxe":2,"samurai_dynasty:diamond_samurai_helmet_light":1,"minecraft:stick":16,"minecraft:iron_ingot":46,"minecraft:iron_pickaxe":2,"wom:iron_staff":2,"minecraft:redstone":20,"samurai_dynasty:diamond_samurai_chestplate_light":1,"minecraft:furnace":1,"wom:diamond_staff":1,"minecraft:ender_pearl":2,"minecraft:stone_pickaxe":1,"minecraft:diamond_boots":3,"minecraft:crossbow":1,"minecraft:stone_axe":1,"minecraft:glowstone":8,"minecraft:bread":56,"minecraft:air":0,"samurai_dynasty:diamond_samurai_leggings_light":1,"samurai_dynasty:diamond_samurai_boots_light":1,"minecraft:chainmail_boots":12,"tombstone:dark_marble":3,"minecraft:iron_leggings":12,"minecraft:lapis_lazuli":14,"minecraft:clay":15},"minecraft:killed_by":{"minecraft:player":4},"minecraft:broken":{"wom:diamond_staff":1,"samurai_dynasty:diamond_samurai_boots_light":1,"samurai_dynasty:diamond_samurai_helmet_light":1,"minecraft:golden_axe":1},"minecraft:picked_up":{"minecraft:wheat":179,"minecraft:chainmail_boots":3,"minecraft:flower_pot":1,"minecraft:anvil":1,"minecraft:diamond_sword":11,"minecraft:enchanted_book":1,"minecraft:brewing_stand":1,"minecraft:string":157,"soul_like_armors_reworked:rustysteel_chestplate":4,"minecraft:beetroot":2,"minecraft:cobbled_deepslate":139,"bosses_of_mass_destruction:soul_star":4,"minecraft:spruce_planks":5,"minecraft:redstone_torch":1,"soul_like_armors_reworked:dagger":3,"minecraft:coal_block":10,"minecraft:furnace":1,"minecraft:iron_boots":3,"minecraft:golden_helmet":1,"minecraft:stick":111,"minecraft:torch":1,"epicfight:skillbook":49,"tombstone:grave_dust":62,"minecraft:diorite":1,"minecraft:golden_chestplate":1,"minecraft:rotten_flesh":127,"minecraft:obsidian":2,"minecraft:snowball":16,"minecraft:cobblestone":46,"minecraft:birch_log":280,"minecraft:enchanting_table":2,"epicfight:stone_spear":1,"minecraft:andesite":23,"minecraft:golden_leggings":1,"alexsmobs:bear_fur":2,"minecraft:tuff":10,"minecraft:wither_skeleton_skull":2,"minecraft:dirt":53,"samurai_dynasty:steel_ingot":8,"minecraft:bone":234,"minecraft:chipped_anvil":2,"minecraft:bow":5,"samurai_dynasty:cloth":1,"minecraft:wheat_seeds":546,"minecraft:birch_wood":1,"soul_like_armors_reworked:dark_knight_helmet":2,"soul_like_armors_reworked:rustysteel_boots":1,"minecraft:bamboo":9,"minecraft:oak_planks":12,"minecraft:cooked_porkchop":1,"minecraft:music_disc_13":1,"soul_like_armors_reworked:dark_knight_leggings":2,"sophisticatedbackpacks:iron_backpack":1,"alexsmobs:animal_dictionary":3,"minecraft:mossy_cobblestone":2,"minecraft:bundle":6,"soul_like_armors_reworked:dark_knight_boots":3,"minecraft:diamond":97,"tombstone:tablet_of_recall":1,"minecraft:granite":6,"minecraft:golden_apple":1,"minecraft:chainmail_helmet":2,"alexsmobs:maggot":22,"sophisticatedbackpacks:gold_backpack":1,"minecraft:crafting_table":4,"minecraft:coarse_dirt":3,"minecraft:clay_ball":64,"minecraft:wooden_pickaxe":3,"minecraft:gold_block":3,"soul_like_armors_reworked:darkknightshield":2,"minecraft:moss_carpet":8,"minecraft:cyan_carpet":58,"minecraft:birch_sapling":24,"minecraft:piston":11,"samurai_dynasty:aquamarine":10,"minecraft:raw_iron":20,"minecraft:stone":1,"minecraft:spruce_fence":11,"minecraft:carrot":6,"minecraft:redstone":5,"soul_like_armors_reworked:rustysteel_helmet":3,"minecraft:dark_oak_planks":2,"soul_like_armors_reworked:estusflask":115,"minecraft:arrow":36,"minecraft:beetroot_seeds":3,"tombstone:essence_of_undeath":1,"minecraft:saddle":4,"minecraft:gold_ingot":47,"minecraft:birch_planks":89,"minecraft:oak_log":4,"minecraft:chainmail_chestplate":1,"minecraft:golden_boots":2,"minecraft:gunpowder":48,"tombstone:voodoo_poppet":2,"tombstone:gift":3,"minecraft:podzol":1,"soul_like_armors_reworked:rustyshield":1,"minecraft:iron_ingot":1,"minecraft:stone_pickaxe":2,"minecraft:cooked_chicken":1,"tombstone:bag_of_seeds":3,"minecraft:flowering_azalea":2,"minecraft:book":95,"minecraft:birch_boat":1,"minecraft:sweet_berries":42,"wom:iron_staff":1,"minecraft:gravel":1,"minecraft:blast_furnace":2,"soul_like_armors_reworked:rustysteelmace":3,"minecraft:spider_eye":40,"soul_like_armors_reworked:dark_knight_chestplate":4,"wom:diamond_legtopseal":2,"minecraft:chainmail_leggings":1,"tombstone:magic_scroll":8,"minecraft:dark_oak_wood":1,"soul_like_armors_reworked:rustysteel_leggings":1,"minecraft:coal":96,"minecraft:ender_pearl":2},"minecraft:custom":{"minecraft:interact_with_crafting_table":41,"minecraft:leave_game":6,"minecraft:time_since_death":83988,"minecraft:sprint_one_cm":1274569,"minecraft:drop":250,"minecraft:talked_to_villager":38,"minecraft:play_time":471867,"minecraft:deaths":7,"tombstone:tomb_raiding":3,"minecraft:jump":4321,"minecraft:interact_with_brewingstand":1,"minecraft:walk_on_water_one_cm":32578,"minecraft:interact_with_furnace":18,"minecraft:traded_with_villager":165,"minecraft:sleep_in_bed":13,"tombstone:sneak_grave":1,"minecraft:damage_dealt":149427,"minecraft:player_kills":4,"minecraft:crouch_one_cm":115181,"tombstone:undead_killed":345,"minecraft:mob_kills":535,"minecraft:interact_with_anvil":15,"minecraft:damage_dealt_resisted":21469,"minecraft:climb_one_cm":1566,"minecraft:walk_one_cm":1817943,"minecraft:sneak_time":15039,"minecraft:walk_under_water_one_cm":16377,"minecraft:boat_one_cm":123987,"minecraft:interact_with_blast_furnace":32,"minecraft:total_world_time":471867,"tombstone:raider_killed":16,"minecraft:time_since_rest":869,"minecraft:damage_taken":28100,"minecraft:damage_absorbed":165,"tombstone:cast_on_ally":1,"minecraft:swim_one_cm":61632,"minecraft:fly_one_cm":2131748,"minecraft:open_chest":306,"minecraft:fall_one_cm":120401},"minecraft:dropped":{"minecraft:cooked_beef":64,"samurai_dynasty:aquamarine":10,"minecraft:diamond":4,"minecraft:crafting_table":1,"soul_like_armors_reworked:estusflask":14,"soul_like_armors_reworked:rustysteelmace":3,"minecraft:cyan_carpet":42,"minecraft:gold_ingot":47,"minecraft:bone":39,"minecraft:stone_axe":1,"minecraft:birch_sapling":1,"soul_like_armors_reworked:rustysteel_helmet":2,"minecraft:rotten_flesh":21,"minecraft:oak_planks":9,"wom:iron_staff":2,"minecraft:chainmail_chestplate":14,"minecraft:gunpowder":7,"soul_like_armors_reworked:dagger":1,"minecraft:chainmail_boots":20,"soul_like_armors_reworked:dark_knight_chestplate":2,"minecraft:iron_ingot":23,"minecraft:wheat_seeds":110,"samurai_dynasty:steel_ingot":8,"minecraft:diamond_leggings":1,"minecraft:book":6,"wom:iron_greataxe":1,"soul_like_armors_reworked:rustysteel_boots":1,"minecraft:chainmail_helmet":4,"minecraft:coal":1,"minecraft:stick":84,"tombstone:grave_dust":3,"minecraft:iron_leggings":11,"minecraft:chainmail_leggings":3,"minecraft:string":8,"tombstone:voodoo_poppet":1,"alexsmobs:maggot":3,"minecraft:sweet_berries":34,"minecraft:raw_iron":28,"minecraft:wither_skeleton_skull":2,"minecraft:iron_boots":2,"sophisticatedbackpacks:backpack":1,"soul_like_armors_reworked:darkknightshield":1,"wom:diamond_legtopseal":3,"minecraft:spruce_fence":4,"alexsmobs:bear_fur":2,"minecraft:blast_furnace":2,"minecraft:diamond_sword":3,"minecraft:potato":1,"minecraft:bundle":1,"soul_like_armors_reworked:rustysteel_chestplate":1,"minecraft:redstone_torch":1,"minecraft:spider_eye":33,"tombstone:essence_of_undeath":1,"minecraft:bow":5,"minecraft:stone_pickaxe":2,"minecraft:raw_gold":1,"epicfight:skillbook":17},"minecraft:killed":{"minecraft:cave_spider":87,"minecraft:spider":48,"samurai_dynasty:komainu":2,"minecraft:skeleton":29,"alexsmobs:grizzly_bear":4,"minecraft:zombie_villager":3,"minecraft:creeper":21,"minecraft:zombie":134,"alexsmobs:fly":16,"alexsmobs:cockroach":1,"minecraft:wither_skeleton":179,"minecraft:enderman":2},"minecraft:used":{"tombstone:scroll_of_unstable_intangibility":1,"minecraft:chest":8,"minecraft:stone":58,"minecraft:rotten_flesh":2,"minecraft:carrot":5,"wom:diamond_legtopseal":2,"minecraft:tuff":10,"minecraft:snowball":16,"wom:agony":97,"tombstone:decorative_grave_simple":1,"minecraft:lava_bucket":2,"minecraft:grass_block":5,"minecraft:birch_sapling":18,"wom:diamond_staff":5930,"wom:iron_staff":667,"minecraft:sweet_berries":6,"minecraft:furnace":1,"minecraft:beetroot_seeds":3,"minecraft:potato":10,"soul_like_armors_reworked:rustysteelmace":3,"epicfight:skillbook":13,"minecraft:cow_spawn_egg":2,"minecraft:stone_pickaxe":123,"minecraft:ender_pearl":1,"minecraft:wooden_pickaxe":43,"minecraft:chainmail_helmet":2,"minecraft:diamond_axe":310,"minecraft:clay":15,"minecraft:golden_apple":2,"minecraft:golden_hoe":1,"minecraft:blast_furnace":2,"minecraft:bread":87,"minecraft:cyan_carpet":1,"minecraft:diamond_sword":5,"samurai_dynasty:diamond_samurai_leggings_light":2,"minecraft:birch_log":8,"minecraft:andesite":23,"minecraft:coarse_dirt":1,"minecraft:experience_bottle":132,"tombstone:scroll_of_frost_resistance":1,"minecraft:spruce_planks":2,"soul_like_armors_reworked:estusflask":84,"minecraft:cooked_chicken":1,"minecraft:brewing_stand":1,"minecraft:dirt":106,"minecraft:anvil":2,"minecraft:spruce_fence":4,"soul_like_armors_reworked:dagger":52,"minecraft:chipped_anvil":2,"epicfight:diamond_tachi":4,"minecraft:bamboo":10,"tombstone:gift":17,"minecraft:cooked_beef":99,"minecraft:cobbled_deepslate":106,"minecraft:golden_axe":32,"minecraft:wheat_seeds":179,"samurai_dynasty:diamond_samurai_helmet_light":2,"minecraft:water_bucket":43,"tombstone:scroll_of_knowledge":2,"minecraft:dirt_path":1,"minecraft:birch_planks":692,"minecraft:bundle":1,"minecraft:mossy_cobblestone":2,"minecraft:crafting_table":3,"minecraft:white_bed":1,"tombstone:bag_of_seeds":4,"minecraft:piston":3,"minecraft:diamond_pickaxe":63,"minecraft:iron_pickaxe":88,"tombstone:magic_scroll":6,"wom:diamond_greataxe":3,"minecraft:stone_axe":1,"minecraft:bucket":5,"alexsmobs:animal_dictionary":1},"minecraft:mined":{"minecraft:spruce_planks":1,"minecraft:brewing_stand":1,"minecraft:obsidian":5,"minecraft:granite":6,"minecraft:grass_block":3,"minecraft:coal_block":9,"minecraft:spawner":28,"minecraft:iron_ore":2,"minecraft:anvil":2,"minecraft:enchanting_table":2,"minecraft:clay":1,"minecraft:torch":1,"minecraft:blast_furnace":2,"minecraft:cobblestone":7,"minecraft:birch_wood":1,"minecraft:birch_sapling":1,"minecraft:birch_log":272,"minecraft:wheat":183,"minecraft:grass":7,"minecraft:beetroots":2,"minecraft:dirt":6,"minecraft:piston":11,"minecraft:oak_leaves":1,"minecraft:deepslate":107,"minecraft:tuff":10,"minecraft:mossy_cobblestone":2,"samurai_dynasty:deepslate_aquamarine_ore":10,"minecraft:deepslate_diamond_ore":22,"minecraft:spruce_fence":3,"minecraft:furnace":1,"minecraft:carrots":1,"minecraft:gold_block":6,"minecraft:bookshelf":17,"minecraft:deepslate_iron_ore":18,"minecraft:bamboo":1,"minecraft:stone":39,"minecraft:crafting_table":3,"minecraft:birch_planks":45,"minecraft:sweet_berry_bush":21,"minecraft:birch_leaves":38,"minecraft:coal_ore":1,"minecraft:gravel":1,"minecraft:cyan_carpet":7,"minecraft:chipped_anvil":2,"minecraft:fern":1}},"DataVersion":3465}