{"stats":{"minecraft:crafted":{"minecraft:oak_planks":4,"minecraft:cobblestone_slab":6,"minecraft:birch_slab":36,"minecraft:stone":24,"minecraft:diamond_helmet":1,"minecraft:diamond_leggings":2,"minecraft:bow":6,"minecraft:chest":13,"minecraft:golden_axe":1,"minecraft:emerald":70,"minecraft:arrow":192,"samurai_dynasty:steel_ingot":17,"minecraft:crafting_table":1,"minecraft:spruce_planks":512,"tombstone:decorative_grave_simple":1,"minecraft:spruce_door":6,"minecraft:chainmail_chestplate":12,"minecraft:birch_planks":1100,"minecraft:iron_chestplate":1,"minecraft:diamond_pickaxe":2,"samurai_dynasty:diamond_samurai_helmet_light":1,"minecraft:stick":16,"minecraft:iron_ingot":46,"minecraft:iron_pickaxe":2,"wom:iron_staff":2,"minecraft:redstone":20,"samurai_dynasty:diamond_samurai_chestplate_light":1,"minecraft:furnace":1,"minecraft:bone_meal":192,"minecraft:spruce_fence":12,"minecraft:spruce_stairs":24,"wom:diamond_staff":1,"minecraft:spruce_slab":18,"minecraft:ender_pearl":2,"minecraft:cobblestone_wall":24,"minecraft:stone_pickaxe":1,"minecraft:diamond_boots":3,"minecraft:coal_block":10,"minecraft:crossbow":1,"minecraft:stone_axe":1,"minecraft:glowstone":8,"minecraft:bread":56,"minecraft:air":0,"samurai_dynasty:diamond_samurai_leggings_light":1,"samurai_dynasty:diamond_samurai_boots_light":1,"minecraft:chainmail_boots":12,"tombstone:dark_marble":3,"minecraft:iron_leggings":12,"minecraft:lapis_lazuli":14,"minecraft:clay":15},"minecraft:killed_by":{"minecraft:player":4},"minecraft:broken":{"wom:diamond_staff":1,"samurai_dynasty:diamond_samurai_boots_light":1,"samurai_dynasty:diamond_samurai_helmet_light":1,"minecraft:golden_axe":1},"minecraft:picked_up":{"minecraft:wheat":188,"minecraft:chainmail_boots":3,"minecraft:flower_pot":1,"minecraft:anvil":1,"minecraft:diamond_sword":11,"minecraft:oak_stairs":1,"minecraft:potion":1,"minecraft:enchanted_book":1,"minecraft:brewing_stand":1,"soul_like_armors_reworked:rustysteel_chestplate":4,"minecraft:string":287,"minecraft:beetroot":5,"minecraft:cobbled_deepslate":139,"bosses_of_mass_destruction:soul_star":5,"minecraft:spruce_planks":39,"minecraft:redstone_torch":1,"minecraft:cobblestone_slab":2,"soul_like_armors_reworked:dagger":3,"minecraft:coal_block":10,"minecraft:furnace":6,"minecraft:iron_boots":3,"minecraft:golden_helmet":1,"minecraft:stick":184,"minecraft:composter":2,"cataclysm:chiseled_stone_brick_pillar":1,"minecraft:torch":1,"minecraft:spruce_stairs":24,"epicfight:skillbook":51,"tombstone:grave_dust":62,"minecraft:diorite":1,"minecraft:golden_chestplate":1,"minecraft:rotten_flesh":153,"minecraft:white_terracotta":1,"cataclysm:stone_pillar":8,"minecraft:obsidian":6,"minecraft:snowball":16,"minecraft:cobblestone":168,"minecraft:birch_log":282,"minecraft:enchanting_table":2,"epicfight:stone_spear":1,"minecraft:repeater":32,"minecraft:birch_slab":39,"minecraft:andesite":23,"minecraft:black_bed":3,"minecraft:golden_leggings":1,"minecraft:potato":15,"alexsmobs:bear_fur":2,"minecraft:tuff":10,"minecraft:wither_skeleton_skull":2,"minecraft:dirt":113,"samurai_dynasty:steel_ingot":8,"minecraft:glass":33,"minecraft:bone":294,"minecraft:chipped_anvil":2,"minecraft:bow":5,"samurai_dynasty:cloth":1,"minecraft:wheat_seeds":710,"minecraft:birch_wood":1,"soul_like_armors_reworked:dark_knight_helmet":4,"soul_like_armors_reworked:rustysteel_boots":2,"minecraft:glowstone_dust":4,"minecraft:bamboo":9,"wom:diamond_legbottomseal":1,"minecraft:oak_planks":12,"minecraft:cooked_porkchop":1,"minecraft:music_disc_13":1,"soul_like_armors_reworked:dark_knight_leggings":2,"sophisticatedbackpacks:iron_backpack":1,"alexsmobs:animal_dictionary":3,"minecraft:mossy_cobblestone":2,"minecraft:bundle":7,"soul_like_armors_reworked:dark_knight_boots":3,"minecraft:diamond":97,"tombstone:tablet_of_recall":1,"minecraft:crossbow":8,"minecraft:granite":6,"minecraft:bone_meal":102,"minecraft:golden_apple":1,"minecraft:bread":40,"minecraft:emerald":11,"minecraft:chainmail_helmet":2,"minecraft:rooted_dirt":1,"alexsmobs:maggot":22,"minecraft:chorus_fruit":3,"sophisticatedbackpacks:gold_backpack":1,"minecraft:crafting_table":6,"minecraft:coarse_dirt":26,"minecraft:clay_ball":64,"minecraft:redstone_lamp":84,"minecraft:wooden_pickaxe":3,"minecraft:gold_block":3,"soul_like_armors_reworked:darkknightsword":3,"soul_like_armors_reworked:darkknightshield":2,"minecraft:moss_carpet":8,"minecraft:iron_axe":4,"minecraft:cyan_carpet":58,"minecraft:glass_pane":58,"minecraft:poppy":8,"minecraft:chest":11,"minecraft:birch_sapling":24,"minecraft:piston":11,"samurai_dynasty:aquamarine":10,"minecraft:raw_iron":20,"minecraft:stone":1,"sophisticatedbackpacks:backpack":2,"minecraft:spruce_fence":11,"minecraft:carrot":17,"minecraft:redstone":10,"soul_like_armors_reworked:rustysteel_helmet":6,"minecraft:dark_oak_planks":2,"soul_like_armors_reworked:estusflask":124,"minecraft:arrow":76,"minecraft:beetroot_seeds":12,"minecraft:totem_of_undying":2,"tombstone:essence_of_undeath":1,"minecraft:saddle":6,"minecraft:gold_ingot":50,"minecraft:white_wool":2,"minecraft:birch_planks":346,"minecraft:oak_log":6,"minecraft:chainmail_chestplate":1,"minecraft:cobblestone_wall":2,"minecraft:yellow_bed":1,"minecraft:golden_boots":3,"minecraft:gunpowder":48,"tombstone:voodoo_poppet":2,"minecraft:wooden_hoe":1,"minecraft:white_banner":8,"tombstone:gift":3,"minecraft:podzol":1,"minecraft:smooth_sandstone":1,"soul_like_armors_reworked:rustyshield":2,"minecraft:iron_ingot":14,"minecraft:stone_pickaxe":2,"minecraft:cooked_chicken":1,"tombstone:bag_of_seeds":3,"minecraft:glass_bottle":5,"minecraft:flowering_azalea":2,"wom:agony":1,"minecraft:book":107,"minecraft:birch_boat":2,"minecraft:sweet_berries":44,"wom:iron_staff":1,"minecraft:dandelion":2,"minecraft:gravel":1,"minecraft:lava_bucket":1,"minecraft:spruce_sapling":59,"minecraft:blast_furnace":4,"minecraft:spruce_log":252,"minecraft:spruce_door":1,"soul_like_armors_reworked:rustysteelmace":4,"minecraft:spider_eye":40,"soul_like_armors_reworked:dark_knight_chestplate":4,"wom:diamond_legtopseal":2,"minecraft:chainmail_leggings":1,"tombstone:magic_scroll":8,"minecraft:dark_oak_wood":1,"soul_like_armors_reworked:rustysteel_leggings":1,"minecraft:coal":304,"minecraft:ender_pearl":2},"minecraft:custom":{"minecraft:animals_bred":1,"minecraft:interact_with_crafting_table":57,"minecraft:leave_game":8,"minecraft:time_since_death":252355,"minecraft:sprint_one_cm":1780920,"minecraft:drop":385,"minecraft:talked_to_villager":39,"minecraft:play_time":640234,"minecraft:deaths":7,"tombstone:tomb_raiding":3,"minecraft:jump":6219,"minecraft:interact_with_brewingstand":1,"minecraft:walk_on_water_one_cm":53152,"minecraft:interact_with_furnace":19,"minecraft:traded_with_villager":165,"minecraft:sleep_in_bed":23,"tombstone:sneak_grave":1,"minecraft:damage_dealt":168298,"minecraft:player_kills":4,"minecraft:crouch_one_cm":160151,"tombstone:undead_killed":365,"tombstone:villager_killed":1,"minecraft:mob_kills":607,"minecraft:interact_with_anvil":15,"minecraft:damage_dealt_resisted":21469,"minecraft:climb_one_cm":6147,"minecraft:walk_one_cm":2804193,"minecraft:raid_win":1,"minecraft:sneak_time":21726,"minecraft:walk_under_water_one_cm":17659,"minecraft:boat_one_cm":123987,"minecraft:interact_with_blast_furnace":33,"minecraft:total_world_time":640234,"tombstone:raider_killed":56,"minecraft:raid_trigger":1,"minecraft:interact_with_stonecutter":2,"minecraft:time_since_rest":1309,"minecraft:damage_taken":31351,"minecraft:damage_absorbed":205,"tombstone:cast_on_ally":1,"minecraft:swim_one_cm":70576,"minecraft:fly_one_cm":2963702,"minecraft:open_chest":359,"minecraft:fall_one_cm":170015},"minecraft:dropped":{"sophisticatedbackpacks:iron_backpack":1,"minecraft:birch_planks":311,"minecraft:cooked_beef":64,"samurai_dynasty:aquamarine":10,"minecraft:chorus_fruit":6,"minecraft:glass_bottle":5,"minecraft:diamond":4,"minecraft:crafting_table":1,"minecraft:crossbow":6,"soul_like_armors_reworked:estusflask":14,"soul_like_armors_reworked:rustysteelmace":4,"minecraft:rooted_dirt":1,"minecraft:birch_slab":35,"minecraft:dirt":39,"minecraft:iron_pickaxe":1,"minecraft:cyan_carpet":42,"minecraft:gold_ingot":48,"minecraft:bone":53,"minecraft:stone_axe":1,"minecraft:birch_sapling":2,"soul_like_armors_reworked:rustysteel_helmet":5,"minecraft:rotten_flesh":38,"minecraft:oak_planks":9,"wom:iron_staff":2,"minecraft:chainmail_chestplate":14,"minecraft:poppy":1,"soul_like_armors_reworked:rustyshield":1,"minecraft:gunpowder":7,"minecraft:beetroot_seeds":16,"minecraft:melon_seeds":3,"soul_like_armors_reworked:dagger":2,"soul_like_armors_reworked:dark_knight_helmet":2,"minecraft:chainmail_boots":20,"minecraft:arrow":6,"soul_like_armors_reworked:dark_knight_chestplate":2,"minecraft:glass":11,"minecraft:water_bucket":1,"minecraft:bread":5,"minecraft:golden_boots":1,"minecraft:iron_ingot":26,"minecraft:wheat_seeds":122,"samurai_dynasty:steel_ingot":8,"minecraft:diamond_leggings":1,"minecraft:cobblestone":132,"minecraft:book":6,"wom:iron_greataxe":1,"soul_like_armors_reworked:rustysteel_boots":2,"minecraft:chainmail_helmet":4,"minecraft:coal_block":20,"minecraft:coal":3,"minecraft:golden_apple":5,"minecraft:stick":94,"minecraft:lava_bucket":1,"tombstone:grave_dust":3,"minecraft:iron_leggings":11,"minecraft:oak_stairs":1,"minecraft:iron_axe":4,"minecraft:chainmail_leggings":3,"minecraft:string":10,"tombstone:voodoo_poppet":1,"alexsmobs:maggot":3,"minecraft:sweet_berries":36,"minecraft:coarse_dirt":7,"minecraft:raw_iron":28,"minecraft:wither_skeleton_skull":2,"minecraft:iron_boots":2,"sophisticatedbackpacks:backpack":1,"soul_like_armors_reworked:darkknightshield":1,"wom:diamond_legtopseal":3,"minecraft:spruce_fence":4,"alexsmobs:bear_fur":2,"minecraft:pumpkin_seeds":7,"minecraft:blast_furnace":2,"minecraft:diamond_sword":3,"minecraft:potato":28,"soul_like_armors_reworked:darkknightsword":3,"minecraft:bundle":1,"minecraft:yellow_bed":1,"soul_like_armors_reworked:rustysteel_chestplate":1,"minecraft:redstone_torch":1,"minecraft:spider_eye":33,"tombstone:essence_of_undeath":1,"minecraft:bow":5,"minecraft:stone_pickaxe":2,"minecraft:raw_gold":1,"epicfight:skillbook":19},"minecraft:killed":{"minecraft:cave_spider":87,"minecraft:witch":4,"minecraft:spider":49,"samurai_dynasty:komainu":2,"minecraft:skeleton":34,"alexsmobs:grizzly_bear":4,"minecraft:zombie_villager":4,"minecraft:creeper":21,"minecraft:pillager":24,"minecraft:zombie":148,"alexsmobs:fly":16,"minecraft:vex":1,"minecraft:evoker":2,"minecraft:vindicator":8,"samurai_dynasty:tanuki":1,"minecraft:ravager":2,"alexsmobs:cockroach":1,"minecraft:wither_skeleton":179,"minecraft:villager":1,"minecraft:enderman":3},"minecraft:used":{"tombstone:scroll_of_unstable_intangibility":1,"minecraft:poppy":7,"minecraft:white_terracotta":1,"minecraft:chest":24,"minecraft:stone":58,"minecraft:rotten_flesh":2,"minecraft:carrot":10,"wom:diamond_legtopseal":2,"minecraft:tuff":10,"minecraft:snowball":16,"minecraft:glass":22,"wom:agony":190,"tombstone:decorative_grave_simple":1,"minecraft:lava_bucket":41,"minecraft:grass_block":5,"minecraft:birch_sapling":18,"wom:diamond_staff":6461,"wom:iron_staff":667,"minecraft:sweet_berries":6,"minecraft:furnace":2,"minecraft:beetroot_seeds":10,"minecraft:potato":16,"soul_like_armors_reworked:rustysteelmace":3,"epicfight:skillbook":13,"minecraft:cow_spawn_egg":2,"minecraft:spruce_door":5,"minecraft:stone_pickaxe":123,"minecraft:ender_pearl":1,"minecraft:wooden_pickaxe":43,"minecraft:chainmail_helmet":2,"minecraft:diamond_axe":943,"minecraft:clay":15,"minecraft:golden_apple":3,"minecraft:golden_hoe":1,"minecraft:blast_furnace":4,"minecraft:black_bed":3,"minecraft:birch_slab":40,"minecraft:bread":155,"minecraft:cyan_carpet":1,"minecraft:diamond_sword":5,"samurai_dynasty:diamond_samurai_leggings_light":2,"minecraft:birch_log":8,"minecraft:andesite":23,"minecraft:coarse_dirt":39,"minecraft:bone_meal":90,"minecraft:experience_bottle":132,"tombstone:scroll_of_frost_resistance":1,"minecraft:spruce_planks":337,"soul_like_armors_reworked:estusflask":84,"minecraft:cooked_chicken":1,"minecraft:torch":20,"minecraft:brewing_stand":1,"minecraft:dirt":156,"minecraft:anvil":2,"minecraft:spruce_stairs":43,"minecraft:cobblestone_wall":11,"minecraft:spruce_fence":10,"soul_like_armors_reworked:dagger":52,"minecraft:chipped_anvil":2,"minecraft:smooth_sandstone":1,"epicfight:diamond_tachi":4,"minecraft:bamboo":10,"tombstone:gift":19,"minecraft:cooked_beef":99,"minecraft:cobbled_deepslate":106,"minecraft:golden_axe":32,"minecraft:wheat_seeds":185,"samurai_dynasty:diamond_samurai_helmet_light":2,"minecraft:water_bucket":105,"tombstone:scroll_of_knowledge":2,"minecraft:dirt_path":1,"minecraft:birch_planks":928,"minecraft:bundle":1,"minecraft:cobblestone_slab":6,"minecraft:mossy_cobblestone":2,"minecraft:crafting_table":5,"minecraft:white_bed":1,"minecraft:oak_log":2,"tombstone:bag_of_seeds":4,"minecraft:piston":3,"minecraft:diamond_pickaxe":174,"minecraft:iron_pickaxe":88,"tombstone:magic_scroll":6,"minecraft:spruce_sapling":87,"wom:diamond_greataxe":3,"minecraft:stone_axe":1,"minecraft:cobblestone":741,"minecraft:bucket":106,"minecraft:glass_pane":18,"alexsmobs:animal_dictionary":1,"minecraft:dandelion":2},"minecraft:mined":{"minecraft:spruce_planks":34,"minecraft:brewing_stand":1,"minecraft:obsidian":5,"minecraft:granite":6,"minecraft:grass_block":8,"minecraft:coal_block":9,"minecraft:spawner":28,"minecraft:iron_ore":2,"minecraft:anvil":2,"minecraft:enchanting_table":2,"minecraft:white_banner":3,"minecraft:clay":1,"minecraft:torch":1,"minecraft:blast_furnace":2,"minecraft:poppy":7,"minecraft:chest":15,"minecraft:cobblestone":61,"minecraft:birch_wood":1,"minecraft:birch_sapling":1,"minecraft:white_terracotta":1,"minecraft:repeater":6,"minecraft:birch_log":272,"minecraft:wheat":192,"minecraft:black_bed":2,"minecraft:grass":10,"minecraft:oak_log":2,"minecraft:beetroots":5,"minecraft:dirt":6,"minecraft:piston":11,"minecraft:oak_leaves":1,"minecraft:deepslate":107,"minecraft:redstone_lamp":39,"minecraft:tuff":10,"minecraft:mossy_cobblestone":2,"samurai_dynasty:deepslate_aquamarine_ore":10,"minecraft:deepslate_diamond_ore":22,"minecraft:spruce_fence":3,"minecraft:redstone_wire":4,"minecraft:birch_slab":38,"minecraft:spruce_leaves":141,"minecraft:rooted_dirt":1,"minecraft:spruce_sapling":1,"minecraft:furnace":1,"minecraft:carrots":4,"minecraft:gold_block":6,"minecraft:bookshelf":26,"minecraft:potatoes":6,"minecraft:cobblestone_slab":2,"minecraft:deepslate_iron_ore":18,"minecraft:bamboo":1,"minecraft:stone":41,"minecraft:spruce_door":1,"minecraft:dandelion":2,"minecraft:smooth_sandstone":1,"minecraft:crafting_table":5,"minecraft:tall_grass":4,"minecraft:spruce_stairs":23,"minecraft:birch_planks":254,"minecraft:coarse_dirt":3,"minecraft:cobblestone_wall":2,"minecraft:sweet_berry_bush":22,"minecraft:spruce_log":253,"minecraft:birch_leaves":38,"minecraft:yellow_bed":1,"minecraft:coal_ore":1,"minecraft:gravel":1,"minecraft:cyan_carpet":7,"minecraft:chipped_anvil":2,"minecraft:fern":1}},"DataVersion":3465}