{"stats":{"minecraft:broken":{"minecraft:iron_boots":1,"minecraft:stone_pickaxe":1,"minecraft:iron_axe":3,"minecraft:iron_pickaxe":4,"minecraft:iron_helmet":1},"minecraft:mined":{"minecraft:white_bed":1,"minecraft:farmland":3,"minecraft:cherry_log":170,"regions_unexplored:magnolia_log":60,"minecraft:brewing_stand":1,"minecraft:cherry_trapdoor":1,"minecraft:granite":1,"minecraft:stripped_crimson_hyphae":1,"minecraft:acacia_log":15,"minecraft:deepslate_tile_wall":3,"minecraft:grass_block":56,"minecraft:blue_wool":36,"minecraft:sculk_catalyst":9,"minecraft:iron_ore":129,"minecraft:cobbled_deepslate":18,"minecraft:fire":13,"minecraft:fletching_table":5,"minecraft:sculk_shrieker":9,"minecraft:pointed_dripstone":1,"minecraft:polished_deepslate_slab":2,"minecraft:dirt_path":7,"minecraft:deepslate_redstone_ore":28,"minecraft:smoker":9,"regions_unexplored:white_magnolia_leaves":4,"minecraft:soul_fire":5,"minecraft:clay":3,"minecraft:torch":17,"minecraft:blast_furnace":16,"minecraft:chest":4,"minecraft:mushroom_stem":21,"minecraft:glass":11,"minecraft:cobblestone":106,"minecraft:grindstone":5,"minecraft:sugar_cane":32,"minecraft:wall_torch":28,"regions_unexplored:hyssop":7,"minecraft:powered_rail":9,"minecraft:wheat":26,"minecraft:grass":44,"minecraft:oak_log":9,"minecraft:sand":42,"minecraft:dirt":221,"minecraft:stonecutter":4,"minecraft:oak_leaves":15,"minecraft:deepslate":464,"regions_unexplored:fireweed":7,"regions_unexplored:spruce_shrub":1,"minecraft:tuff":10,"minecraft:light_blue_wool":1,"minecraft:dark_oak_leaves":85,"minecraft:deepslate_diamond_ore":10,"minecraft:oak_door":1,"minecraft:cherry_sapling":4,"minecraft:dark_oak_log":127,"minecraft:brown_mushroom_block":180,"minecraft:spruce_leaves":13,"regions_unexplored:raw_redstone_block":46,"minecraft:hay_block":16,"minecraft:redstone_ore":33,"minecraft:furnace":5,"minecraft:carrots":124,"minecraft:andesite":4,"minecraft:gold_block":2,"minecraft:polished_deepslate":6,"minecraft:bookshelf":2,"minecraft:deepslate_iron_ore":40,"minecraft:rail":36,"minecraft:potted_spruce_sapling":1,"regions_unexplored:medium_grass":13,"warriorsofpastepoch:depositof_forgotten_steel":1,"regions_unexplored:small_oak_log":2,"minecraft:stone":368,"regions_unexplored:redstone_bulb":1,"minecraft:oak_slab":3,"minecraft:acacia_leaves":4,"minecraft:cherry_planks":4,"minecraft:crafting_table":17,"minecraft:emerald_ore":1,"regions_unexplored:pink_magnolia_leaves":2,"minecraft:sculk_sensor":27,"minecraft:lectern":289,"minecraft:tall_grass":2,"regions_unexplored:mauve_log":16,"minecraft:deepslate_gold_ore":86,"regions_unexplored:daisy":6,"minecraft:sculk":28,"minecraft:blue_bed":21,"minecraft:gray_wool":4,"regions_unexplored:redstone_bud":3,"minecraft:redstone_torch":3,"minecraft:spruce_log":32,"minecraft:coal_ore":58,"minecraft:cherry_leaves":81,"minecraft:gravel":103,"minecraft:cobweb":1,"regions_unexplored:blackwood_leaves":9,"minecraft:stone_bricks":5,"minecraft:gold_ore":1},"minecraft:killed":{"minecraft:spider":8,"minecraft:skeleton":9,"minecraft:pig":15,"minecraft:iron_golem":1,"minecraft:creeper":1,"minecraft:sheep":6,"minecraft:zombie":17,"minecraft:cow":7,"alexsmobs:cockroach":1,"minecraft:villager":1},"minecraft:killed_by":{"minecraft:skeleton":1},"minecraft:dropped":{"minecraft:iron_sword":22,"minecraft:lapis_lazuli":19,"minecraft:glow_ink_sac":6,"minecraft:crossbow":8,"alexscaves:burrowing_arrow":2,"minecraft:rail":1,"minecraft:flint":3,"minecraft:emerald":3,"minecraft:dirt":4,"minecraft:mutton":1,"regions_unexplored:pointed_redstone":2,"minecraft:iron_pickaxe":1,"minecraft:fishing_rod":1,"minecraft:white_wool":1,"minecraft:bone":13,"minecraft:oak_door":1,"minecraft:gravel":1,"minecraft:stone_axe":3,"minecraft:iron_nugget":5,"minecraft:cobbled_deepslate":8,"alexsmobs:animal_dictionary":1,"tombstone:gift":2,"minecraft:rotten_flesh":5,"minecraft:oak_planks":1,"minecraft:carrot":94,"minecraft:chainmail_chestplate":1,"minecraft:beetroot_seeds":2,"minecraft:melon_seeds":1,"minecraft:arrow":3,"minecraft:lectern":2,"minecraft:water_bucket":1,"regions_unexplored:magnolia_planks":1,"regions_unexplored:fireweed":5,"minecraft:wheat_seeds":23,"minecraft:cherry_log":1,"minecraft:minecart":1,"minecraft:iron_helmet":1,"minecraft:cobblestone":12,"minecraft:granite":1,"minecraft:coal":2,"minecraft:stick":64,"minecraft:gray_wool":4,"minecraft:torch":1,"tombstone:grave_dust":2,"minecraft:iron_leggings":1,"minecraft:iron_axe":4,"minecraft:paper":38,"minecraft:iron_shovel":1,"minecraft:string":2,"minecraft:bucket":3,"minecraft:redstone":26,"minecraft:polished_deepslate":7,"minecraft:oak_trapdoor":1,"minecraft:tuff":1,"minecraft:diamond_hoe":1,"minecraft:polished_deepslate_slab":128,"regions_unexplored:hyssop":2,"minecraft:torchflower_seeds":5,"minecraft:flint_and_steel":2,"minecraft:filled_map":1,"alexscaves:resistor_shield":1,"alexscaves_torpedoes:magnetic_helmet":2,"minecraft:stone_bricks":4,"minecraft:bow":3,"minecraft:wooden_pickaxe":1,"minecraft:brick":100},"minecraft:crafted":{"minecraft:brick":100,"minecraft:grindstone":1,"minecraft:oak_planks":36,"minecraft:stone":6,"minecraft:bookshelf":8,"minecraft:cooked_mutton":6,"minecraft:glass":26,"minecraft:bow":1,"minecraft:iron_boots":1,"minecraft:chest":1,"minecraft:rail":32,"minecraft:smoker":4,"minecraft:oak_slab":72,"sophisticatedbackpacks:backpack":1,"minecraft:emerald":116,"minecraft:crafting_table":5,"minecraft:spruce_planks":44,"minecraft:wooden_pickaxe":1,"minecraft:iron_helmet":1,"minecraft:cherry_button":1,"minecraft:fletching_table":3,"minecraft:dispenser":1,"minecraft:lectern":7,"minecraft:iron_chestplate":1,"minecraft:paper":36,"minecraft:shield":1,"minecraft:stick":2233,"minecraft:stone_slab":6,"minecraft:iron_ingot":72,"minecraft:iron_pickaxe":4,"minecraft:gold_ingot":17,"minecraft:redstone_torch":12,"minecraft:composter":2,"minecraft:shears":1,"minecraft:cherry_planks":544,"minecraft:furnace":10,"minecraft:stone_button":1,"minecraft:blast_furnace":1,"minecraft:bone_meal":6,"minecraft:cherry_trapdoor":12,"regions_unexplored:mauve_planks":48,"minecraft:iron_axe":6,"minecraft:stone_pickaxe":1,"minecraft:spruce_boat":1,"minecraft:dark_oak_planks":396,"regions_unexplored:magnolia_planks":228,"minecraft:wheat":135,"minecraft:minecart":2,"minecraft:cooked_beef":12,"minecraft:crossbow":8,"minecraft:powered_rail":6,"minecraft:bucket":2,"minecraft:stone_axe":1,"minecraft:enchanted_book":4,"minecraft:bread":45,"minecraft:air":0,"minecraft:golden_apple":3,"minecraft:flint":60,"minecraft:iron_shovel":2,"minecraft:iron_leggings":1,"minecraft:stonecutter":1,"minecraft:white_bed":1,"minecraft:acacia_planks":36,"minecraft:torch":48},"minecraft:used":{"minecraft:cherry_sapling":15,"minecraft:iron_shovel":193,"minecraft:polished_deepslate":102,"minecraft:dispenser":1,"minecraft:poppy":2,"minecraft:diamond_hoe":242,"minecraft:chest":4,"minecraft:shield":10,"minecraft:iron_sword":2,"regions_unexplored:mauve_log":4,"minecraft:carrot":168,"minecraft:tuff":8,"minecraft:spruce_boat":2,"minecraft:glass":20,"minecraft:lava_bucket":16,"minecraft:iron_helmet":9,"minecraft:cherry_button":1,"minecraft:bow":4,"minecraft:hay_block":1,"minecraft:furnace":7,"regions_unexplored:spruce_shrub":1,"minecraft:dark_oak_sapling":4,"minecraft:diorite":1,"minecraft:stone_pickaxe":136,"minecraft:powered_rail":13,"minecraft:wooden_pickaxe":29,"minecraft:composter":2,"minecraft:sugar_cane":16,"minecraft:blue_bed":29,"minecraft:white_wool":1,"minecraft:blast_furnace":13,"minecraft:shears":37,"minecraft:redstone_torch":5,"regions_unexplored:fireweed":21,"alexscaves_torpedoes:magnetic_helmet":9,"minecraft:dark_oak_log":27,"minecraft:bread":46,"minecraft:stone_button":1,"minecraft:lectern":296,"minecraft:gravel":26,"minecraft:grindstone":3,"minecraft:andesite":4,"minecraft:bone_meal":9,"minecraft:experience_bottle":3,"minecraft:torch":96,"minecraft:brewing_stand":1,"minecraft:dirt":222,"regions_unexplored:magnolia_sapling":1,"minecraft:wheat":1,"minecraft:salmon_bucket":1,"alexscaves:resistor_shield":18,"regions_unexplored:hyssop":46,"regions_unexplored:daisy":17,"minecraft:bookshelf":1,"minecraft:iron_axe":1200,"minecraft:cherry_trapdoor":13,"minecraft:iron_boots":2,"minecraft:diamond_chestplate":1,"minecraft:minecart":29,"tombstone:gift":1,"regions_unexplored:meadow_sage":1,"minecraft:cobbled_deepslate":247,"minecraft:cherry_log":21,"minecraft:wheat_seeds":56,"minecraft:water_bucket":317,"minecraft:cherry_planks":43,"minecraft:fletching_table":6,"minecraft:stonecutter":4,"minecraft:polished_deepslate_slab":29,"minecraft:rail":55,"minecraft:oak_slab":5,"minecraft:crafting_table":20,"minecraft:white_bed":2,"minecraft:spruce_log":8,"minecraft:smoker":13,"tombstone:bag_of_seeds":1,"minecraft:dark_prismarine":1,"minecraft:flower_pot":1,"minecraft:iron_pickaxe":1464,"regions_unexplored:white_magnolia_shrub":1,"minecraft:spruce_sapling":7,"minecraft:stone_axe":77,"minecraft:cobblestone":281,"minecraft:cooked_porkchop":26,"minecraft:bucket":336,"alexsmobs:animal_dictionary":1},"minecraft:picked_up":{"regions_unexplored:small_oak_log":2,"alexsmobs:maraca":1,"minecraft:iron_chestplate":1,"minecraft:wheat":17,"minecraft:flower_pot":1,"regions_unexplored:magnolia_log":57,"alexscaves_torpedoes:magnetic_helmet":3,"minecraft:brewing_stand":1,"minecraft:polished_deepslate":6,"minecraft:string":9,"aether:diamond_gloves":1,"minecraft:cobbled_deepslate":455,"minecraft:smooth_stone":3,"minecraft:bucket":3,"minecraft:redstone_torch":4,"minecraft:iron_pickaxe":2,"minecraft:furnace":5,"minecraft:blue_wool":36,"minecraft:stick":108,"minecraft:oak_fence":2,"minecraft:torch":49,"minecraft:acacia_log":13,"minecraft:porkchop":31,"alexscaves:resistor_shield":2,"minecraft:pointed_dripstone":1,"minecraft:cherry_log":169,"regions_unexplored:raw_redstone_block":46,"tombstone:grave_dust":2,"minecraft:diorite":2,"regions_unexplored:daisy":17,"minecraft:rotten_flesh":7,"regions_unexplored:mauve_log":16,"regions_unexplored:magnolia_sapling":1,"minecraft:cobblestone":490,"minecraft:leather_chestplate":1,"minecraft:cooked_beef":44,"minecraft:cherry_planks":48,"minecraft:water_bucket":1,"minecraft:andesite":4,"regions_unexplored:white_magnolia_shrub":1,"minecraft:smoker":9,"minecraft:flint":7,"minecraft:tuff":10,"minecraft:dirt":305,"minecraft:bone":4,"minecraft:stonecutter":4,"minecraft:bow":3,"minecraft:wheat_seeds":79,"minecraft:raw_gold":85,"minecraft:grindstone":5,"minecraft:fletching_table":5,"minecraft:powered_rail":11,"minecraft:oak_planks":2,"ancient_elements:aero_charge":4,"minecraft:cooked_porkchop":26,"minecraft:sand":37,"minecraft:dark_oak_log":126,"minecraft:dark_prismarine":1,"regions_unexplored:hyssop":48,"minecraft:spruce_boat":2,"minecraft:diamond":10,"minecraft:granite":1,"minecraft:bone_meal":3,"minecraft:emerald":3,"minecraft:fishing_rod":1,"minecraft:crafting_table":17,"minecraft:clay_ball":8,"minecraft:brown_mushroom":63,"minecraft:gold_block":1,"minecraft:shield":1,"minecraft:oak_trapdoor":1,"minecraft:iron_axe":4,"minecraft:flint_and_steel":1,"regions_unexplored:spruce_shrub":1,"minecraft:iron_shovel":1,"ancient_elements:aetherial_shard":1,"alexscaves:burrowing_arrow":1,"minecraft:beef":27,"minecraft:poppy":2,"minecraft:minecart":39,"minecraft:lectern":291,"minecraft:sugar_cane":53,"minecraft:chest":4,"minecraft:cherry_trapdoor":1,"minecraft:dark_oak_sapling":4,"minecraft:stripped_crimson_hyphae":1,"minecraft:raw_iron":273,"minecraft:polished_deepslate_slab":131,"minecraft:stone":570,"minecraft:oak_door":1,"minecraft:carrot":396,"minecraft:redstone":285,"minecraft:arrow":7,"regions_unexplored:redstone_bulb":2,"minecraft:beetroot_seeds":2,"minecraft:hay_block":16,"minecraft:gold_ingot":57,"minecraft:mutton":13,"minecraft:rail":41,"minecraft:white_wool":5,"minecraft:glow_ink_sac":6,"minecraft:leather":8,"regions_unexplored:meadow_sage":1,"minecraft:oak_log":9,"minecraft:chainmail_chestplate":1,"minecraft:blue_bed":21,"tombstone:gift":1,"minecraft:cooked_mutton":3,"minecraft:apple":3,"minecraft:stone_bricks":8,"minecraft:iron_ingot":126,"tombstone:bag_of_seeds":1,"minecraft:iron_sword":5,"minecraft:book":3,"minecraft:oak_slab":3,"minecraft:gravel":90,"minecraft:spruce_sapling":6,"minecraft:blast_furnace":16,"minecraft:white_bed":1,"minecraft:spruce_log":32,"minecraft:spider_eye":3,"regions_unexplored:fireweed":26,"minecraft:stone_axe":2,"minecraft:iron_helmet":1,"minecraft:cherry_sapling":45,"minecraft:gray_wool":4,"minecraft:baked_potato":64,"minecraft:melon_seeds":1,"minecraft:coal":258,"regions_unexplored:pointed_redstone":2},"minecraft:custom":{"minecraft:animals_bred":3,"minecraft:interact_with_crafting_table":89,"minecraft:open_barrel":17,"minecraft:leave_game":7,"minecraft:time_since_death":22949,"minecraft:sprint_one_cm":999392,"minecraft:damage_blocked_by_shield":1415,"minecraft:drop":287,"minecraft:talked_to_villager":447,"minecraft:play_time":691201,"minecraft:deaths":4,"minecraft:jump":10035,"minecraft:interact_with_brewingstand":1,"minecraft:walk_on_water_one_cm":148946,"minecraft:interact_with_furnace":41,"minecraft:traded_with_villager":145,"minecraft:interact_with_loom":10,"minecraft:sleep_in_bed":23,"minecraft:damage_dealt":11129,"minecraft:crouch_one_cm":131291,"tombstone:undead_killed":26,"tombstone:villager_killed":1,"minecraft:interact_with_smoker":25,"minecraft:inspect_dispenser":12,"minecraft:horse_one_cm":505786,"minecraft:interact_with_anvil":4,"minecraft:mob_kills":69,"minecraft:inspect_hopper":4,"minecraft:damage_dealt_resisted":1676,"minecraft:climb_one_cm":6451,"minecraft:walk_one_cm":1005974,"minecraft:sneak_time":64764,"minecraft:walk_under_water_one_cm":113640,"minecraft:boat_one_cm":228532,"minecraft:interact_with_blast_furnace":47,"minecraft:total_world_time":691201,"minecraft:interact_with_grindstone":4,"minecraft:interact_with_stonecutter":5,"minecraft:time_since_rest":21571,"minecraft:damage_taken":23142,"minecraft:swim_one_cm":349251,"minecraft:fly_one_cm":3037410,"minecraft:open_chest":260,"minecraft:fall_one_cm":456176}},"DataVersion":3465}