{"stats":{"minecraft:crafted":{"minecraft:oak_planks":72,"minecraft:smooth_stone":3,"minecraft:birch_boat":1,"minecraft:cooked_chicken":3,"minecraft:stone":111,"minecraft:diamond_shovel":1,"minecraft:cooked_mutton":6,"minecraft:glass":40,"minecraft:bow":1,"minecraft:iron_boots":2,"minecraft:chest":4,"minecraft:rail":16,"minecraft:stone_bricks":64,"minecraft:smoker":2,"minecraft:cooked_porkchop":3,"minecraft:crafting_table":7,"minecraft:spruce_planks":368,"minecraft:wooden_pickaxe":1,"minecraft:iron_helmet":2,"minecraft:fletching_table":1,"minecraft:birch_planks":228,"minecraft:dispenser":1,"minecraft:spruce_trapdoor":32,"minecraft:wooden_hoe":2,"minecraft:iron_chestplate":2,"minecraft:diamond_pickaxe":1,"minecraft:shield":1,"minecraft:stick":184,"minecraft:iron_ingot":60,"minecraft:iron_pickaxe":4,"minecraft:iron_block":4,"minecraft:gold_ingot":22,"minecraft:redstone_torch":2,"minecraft:coal":180,"minecraft:furnace":13,"minecraft:stone_button":1,"minecraft:blast_furnace":2,"minecraft:bone_meal":490,"minecraft:glass_pane":80,"minecraft:flint_and_steel":1,"wom:diamond_staff":1,"minecraft:iron_axe":2,"minecraft:iron_hoe":2,"minecraft:cobblestone_wall":54,"minecraft:stone_pickaxe":1,"minecraft:redstone_block":30,"minecraft:dark_oak_planks":16,"minecraft:powered_rail":6,"minecraft:bucket":2,"minecraft:stone_axe":1,"minecraft:air":0,"minecraft:oak_boat":1,"minecraft:iron_shovel":1,"minecraft:iron_leggings":2,"minecraft:stonecutter":1,"minecraft:anvil":1,"minecraft:white_bed":1,"minecraft:torch":208},"minecraft:killed_by":{"minecraft:player":4},"minecraft:broken":{"minecraft:iron_chestplate":1,"minecraft:iron_leggings":1,"minecraft:stone_pickaxe":1,"minecraft:iron_axe":1,"minecraft:iron_pickaxe":2,"minecraft:iron_helmet":1,"soul_like_armors_reworked:rustysteel_boots":1,"minecraft:wooden_hoe":1,"soul_like_armors_reworked:rustysteel_helmet":1},"minecraft:picked_up":{"minecraft:anvil":4,"minecraft:diamond_sword":8,"minecraft:smithing_table":1,"minecraft:stone_slab":1,"minecraft:enchanted_book":1,"soul_like_armors_reworked:rustysteel_chestplate":1,"minecraft:string":178,"minecraft:beetroot":8,"minecraft:cobbled_deepslate":151,"minecraft:smooth_stone":3,"minecraft:bucket":2,"minecraft:spruce_planks":35,"minecraft:redstone_torch":6,"minecraft:smooth_quartz":8,"minecraft:melon_slice":132,"minecraft:coal_block":28,"minecraft:iron_boots":1,"minecraft:furnace":9,"minecraft:stick":55,"minecraft:composter":4,"cataclysm:chiseled_stone_brick_pillar":106,"minecraft:torch":11,"minecraft:porkchop":3,"epicfight:skillbook":12,"tombstone:grave_dust":5,"minecraft:golden_chestplate":1,"minecraft:cauldron":3,"minecraft:nether_gold_ore":6,"minecraft:rotten_flesh":16,"minecraft:iron_block":1,"minecraft:glowstone":1,"minecraft:obsidian":20,"cataclysm:stone_pillar":21,"minecraft:cobblestone":278,"minecraft:birch_log":62,"minecraft:enchanting_table":4,"wom:diamond_staff":1,"minecraft:feather":2,"minecraft:cooked_beef":64,"minecraft:repeater":28,"minecraft:water_bucket":2,"minecraft:andesite":33,"minecraft:brown_wool":1,"minecraft:smoker":5,"minecraft:potato":62,"minecraft:flint":1,"minecraft:wither_skeleton_skull":2,"cataclysm:stone_tile_slab":16,"minecraft:dirt":159,"minecraft:glass":47,"minecraft:bone":227,"minecraft:stonecutter":1,"samurai_dynasty:cloth":1,"minecraft:wheat_seeds":134,"minecraft:raw_gold":25,"soul_like_armors_reworked:rustysteel_boots":2,"minecraft:fletching_table":2,"minecraft:glowstone_dust":4,"minecraft:bamboo":122,"wom:diamond_legbottomseal":2,"minecraft:oak_planks":8,"minecraft:sand":40,"sophisticatedbackpacks:iron_backpack":1,"minecraft:bundle":5,"minecraft:diamond":6,"tombstone:tablet_of_recall":1,"minecraft:crossbow":1,"minecraft:bone_meal":68,"minecraft:golden_apple":5,"minecraft:bread":5,"minecraft:emerald":5,"alexsmobs:maggot":18,"minecraft:oak_sapling":2,"minecraft:netherrack":2,"minecraft:crafting_table":12,"minecraft:chicken":3,"minecraft:clay_ball":36,"minecraft:redstone_lamp":60,"minecraft:gold_block":12,"soul_like_armors_reworked:darkknightsword":1,"minecraft:iron_axe":3,"minecraft:cyan_carpet":5,"minecraft:glass_pane":1,"minecraft:poppy":2,"minecraft:lectern":7,"minecraft:chest":7,"minecraft:birch_sapling":3,"minecraft:spruce_trapdoor":3,"minecraft:piston":8,"samurai_dynasty:aquamarine":10,"minecraft:egg":2,"minecraft:raw_iron":158,"minecraft:stone":203,"minecraft:spruce_fence":3,"minecraft:note_block":9,"sophisticatedbackpacks:backpack":4,"wom:diamond_armbracelet":1,"minecraft:carrot":283,"soul_like_armors_reworked:rustysteel_helmet":2,"minecraft:redstone":317,"samurai_dynasty:akaname_tongue":4,"minecraft:dark_oak_planks":6,"soul_like_armors_reworked:estusflask":36,"minecraft:arrow":31,"minecraft:beetroot_seeds":16,"minecraft:golden_hoe":1,"minecraft:totem_of_undying":1,"minecraft:gold_ingot":77,"tombstone:essence_of_undeath":2,"minecraft:mutton":11,"minecraft:rail":2,"minecraft:white_wool":14,"samurai_dynasty:jade":5,"minecraft:birch_planks":78,"minecraft:oak_log":27,"minecraft:yellow_bed":8,"minecraft:gunpowder":10,"tombstone:voodoo_poppet":1,"minecraft:white_banner":4,"minecraft:cooked_mutton":5,"minecraft:stone_bricks":1,"minecraft:spruce_wood":4,"minecraft:iron_ingot":72,"minecraft:book":189,"wom:agony":1,"minecraft:nether_quartz_ore":16,"minecraft:chiseled_stone_bricks":61,"minecraft:birch_boat":1,"minecraft:pumpkin":5,"minecraft:sweet_berries":34,"wom:iron_staff":2,"minecraft:quartz":16,"minecraft:gravel":1,"minecraft:spruce_sapling":40,"minecraft:blast_furnace":14,"minecraft:white_bed":4,"minecraft:spruce_log":32,"soul_like_armors_reworked:rustysteelmace":1,"minecraft:spider_eye":9,"minecraft:pumpkin_seeds":7,"soul_like_armors_reworked:dark_knight_chestplate":2,"wom:diamond_legtopseal":1,"minecraft:chainmail_leggings":1,"minecraft:gray_wool":1,"minecraft:warped_roots":1,"minecraft:melon_seeds":3,"minecraft:dark_oak_wood":4,"soul_like_armors_reworked:rustysteel_leggings":1,"minecraft:coal":427},"minecraft:custom":{"minecraft:interact_with_crafting_table":67,"minecraft:leave_game":5,"minecraft:time_since_death":17769,"minecraft:sprint_one_cm":1919555,"minecraft:damage_blocked_by_shield":826,"minecraft:drop":164,"minecraft:play_noteblock":12,"minecraft:talked_to_villager":15,"minecraft:play_time":369807,"minecraft:deaths":6,"minecraft:jump":6758,"minecraft:walk_on_water_one_cm":53923,"minecraft:interact_with_furnace":63,"minecraft:sleep_in_bed":17,"minecraft:damage_dealt":26429,"minecraft:player_kills":4,"minecraft:crouch_one_cm":210807,"tombstone:undead_killed":39,"minecraft:interact_with_smoker":14,"minecraft:mob_kills":125,"minecraft:interact_with_anvil":4,"minecraft:damage_dealt_resisted":1965,"minecraft:climb_one_cm":7595,"minecraft:walk_one_cm":950797,"minecraft:raid_win":1,"minecraft:sneak_time":41176,"minecraft:walk_under_water_one_cm":25089,"minecraft:boat_one_cm":7245,"minecraft:interact_with_blast_furnace":68,"minecraft:total_world_time":369807,"tombstone:raider_killed":19,"minecraft:tune_noteblock":3,"minecraft:interact_with_stonecutter":11,"minecraft:time_since_rest":3490,"minecraft:damage_taken":22107,"minecraft:damage_absorbed":197,"minecraft:swim_one_cm":104250,"minecraft:fly_one_cm":2429074,"minecraft:open_chest":187,"minecraft:fall_one_cm":148582},"minecraft:dropped":{"minecraft:birch_planks":65,"wom:diamond_legbottomseal":1,"minecraft:diamond":4,"minecraft:crafting_table":1,"minecraft:cooked_porkchop":1,"soul_like_armors_reworked:estusflask":3,"minecraft:warped_roots":1,"wom:diamond_staff":1,"minecraft:emerald":5,"cataclysm:stone_tile_slab":16,"minecraft:redstone_lamp":60,"minecraft:bone_meal":162,"minecraft:dark_oak_planks":5,"minecraft:cyan_carpet":3,"minecraft:gold_ingot":65,"minecraft:bone":21,"minecraft:stone_axe":1,"minecraft:cooked_chicken":1,"minecraft:golden_chestplate":1,"alexsmobs:animal_dictionary":1,"minecraft:cobbled_deepslate":28,"cataclysm:chiseled_stone_brick_pillar":60,"minecraft:birch_sapling":1,"soul_like_armors_reworked:rustysteel_helmet":1,"tombstone:gift":4,"tombstone:tablet_of_recall":2,"minecraft:beetroot":8,"minecraft:rotten_flesh":5,"minecraft:oak_planks":10,"minecraft:carrot":162,"wom:iron_staff":1,"minecraft:chiseled_stone_bricks":61,"minecraft:poppy":2,"minecraft:gunpowder":31,"soul_like_armors_reworked:dark_knight_chestplate":1,"minecraft:arrow":2,"minecraft:glass":47,"minecraft:water_bucket":1,"minecraft:enchanted_book":1,"minecraft:iron_ingot":3,"minecraft:bread":11,"minecraft:wheat_seeds":115,"samurai_dynasty:cloth":1,"minecraft:iron_helmet":1,"minecraft:feather":2,"minecraft:chainmail_helmet":1,"minecraft:coal":111,"minecraft:stick":13,"minecraft:iron_block":1,"minecraft:melon_slice":2,"tombstone:grave_dust":6,"minecraft:iron_leggings":1,"minecraft:golden_hoe":1,"minecraft:iron_axe":3,"minecraft:chainmail_leggings":1,"minecraft:string":21,"minecraft:bucket":2,"tombstone:voodoo_poppet":2,"minecraft:redstone":31,"minecraft:furnace":5,"minecraft:sweet_berries":34,"alexsmobs:maggot":18,"minecraft:clay_ball":36,"minecraft:iron_boots":3,"minecraft:iron_hoe":1,"minecraft:smoker":2,"sophisticatedbackpacks:backpack":1,"minecraft:spruce_fence":3,"minecraft:glass_pane":58,"minecraft:blast_furnace":4,"minecraft:diamond_sword":4,"minecraft:potato":4,"minecraft:stone":1,"minecraft:shield":1,"soul_like_armors_reworked:darkknightsword":1,"minecraft:bundle":1,"minecraft:diamond_pickaxe":1,"minecraft:iron_chestplate":1,"minecraft:andesite":32,"minecraft:stone_bricks":1,"minecraft:spider_eye":1,"minecraft:wooden_pickaxe":1,"epicfight:skillbook":6},"minecraft:killed":{"minecraft:cave_spider":33,"minecraft:spider":8,"minecraft:skeleton":5,"minecraft:chicken":3,"minecraft:pig":2,"samurai_dynasty:akaname":3,"minecraft:zombie_villager":1,"minecraft:iron_golem":1,"minecraft:creeper":7,"minecraft:sheep":7,"minecraft:pillager":7,"minecraft:zombie":14,"minecraft:evoker":1,"minecraft:vex":1,"alexsmobs:raccoon":1,"minecraft:vindicator":9,"minecraft:ravager":2,"minecraft:wither_skeleton":19},"minecraft:used":{"minecraft:iron_shovel":6,"minecraft:dispenser":1,"minecraft:chest":11,"minecraft:shield":9,"minecraft:carrot":168,"wom:diamond_legtopseal":1,"minecraft:obsidian":16,"minecraft:glass":7,"wom:diamond_armbracelet":1,"minecraft:birch_sapling":2,"wom:diamond_staff":516,"wom:iron_staff":8,"minecraft:stone_bricks":5,"minecraft:repeater":1,"minecraft:furnace":8,"minecraft:oak_sapling":2,"minecraft:egg":2,"minecraft:potato":39,"soul_like_armors_reworked:rustysteelmace":5,"epicfight:skillbook":24,"minecraft:diamond_boots":2,"minecraft:powered_rail":2,"minecraft:stone_pickaxe":131,"minecraft:wooden_pickaxe":12,"minecraft:composter":2,"minecraft:chainmail_helmet":1,"cataclysm:chiseled_stone_brick_pillar":47,"minecraft:white_wool":4,"minecraft:golden_apple":5,"minecraft:blast_furnace":10,"minecraft:redstone_torch":1,"sophisticatedbackpacks:backpack":1,"minecraft:melon_slice":64,"minecraft:bread":74,"minecraft:stone_button":1,"minecraft:lectern":7,"minecraft:gravel":1,"minecraft:diamond_sword":145,"minecraft:birch_log":5,"minecraft:andesite":1,"minecraft:oak_boat":1,"minecraft:bone_meal":397,"minecraft:flint_and_steel":1,"soul_like_armors_reworked:dark_knight_chestplate":1,"minecraft:spruce_planks":256,"soul_like_armors_reworked:estusflask":40,"minecraft:cooked_chicken":2,"minecraft:torch":176,"minecraft:dirt":46,"minecraft:anvil":5,"minecraft:nether_quartz_ore":16,"minecraft:golden_chestplate":1,"minecraft:iron_hoe":107,"soul_like_armors_reworked:dagger":11,"minecraft:iron_axe":321,"minecraft:totem_of_undying":1,"minecraft:glowstone":9,"minecraft:golden_carrot":15,"tombstone:gift":2,"minecraft:cooked_beef":64,"minecraft:cobbled_deepslate":59,"minecraft:wheat_seeds":4,"minecraft:cooked_mutton":11,"minecraft:water_bucket":35,"minecraft:birch_planks":24,"minecraft:bundle":1,"minecraft:birch_boat":1,"wom:diamond_legbottomseal":2,"minecraft:stonecutter":2,"minecraft:fletching_table":2,"cataclysm:stone_pillar":177,"minecraft:rail":6,"minecraft:crafting_table":18,"minecraft:white_bed":5,"minecraft:smoker":3,"minecraft:oak_log":1,"minecraft:wooden_hoe":92,"minecraft:diamond_pickaxe":511,"minecraft:diamond_shovel":183,"minecraft:iron_pickaxe":641,"minecraft:spruce_trapdoor":17,"minecraft:spruce_sapling":40,"minecraft:stone_axe":75,"minecraft:cobblestone":6,"minecraft:white_banner":4,"minecraft:cooked_porkchop":3,"minecraft:bucket":36,"minecraft:glass_pane":23,"minecraft:yellow_bed":8,"alexsmobs:animal_dictionary":1},"minecraft:mined":{"minecraft:dark_oak_planks":1,"minecraft:spruce_planks":34,"minecraft:white_bed":4,"minecraft:farmland":6,"minecraft:obsidian":17,"minecraft:spruce_trapdoor":3,"cataclysm:stone_pillar":21,"minecraft:grass_block":72,"minecraft:coal_block":9,"minecraft:composter":4,"minecraft:spawner":28,"minecraft:glowstone":2,"minecraft:fire":1,"minecraft:iron_ore":103,"minecraft:cobbled_deepslate":1,"minecraft:pumpkin":5,"minecraft:fletching_table":2,"minecraft:anvil":3,"minecraft:enchanting_table":3,"minecraft:water_cauldron":3,"minecraft:dirt_path":2,"minecraft:spruce_wood":4,"minecraft:deepslate_redstone_ore":54,"minecraft:smoker":3,"minecraft:powder_snow":10,"minecraft:clay":17,"minecraft:note_block":9,"minecraft:dark_oak_wood":4,"minecraft:blast_furnace":10,"minecraft:poppy":1,"minecraft:melon":14,"minecraft:chest":8,"minecraft:nether_quartz_ore":27,"minecraft:glass":22,"minecraft:cobblestone":5,"minecraft:wall_torch":10,"minecraft:repeater":14,"minecraft:birch_log":67,"samurai_dynasty:deepslate_jade_ore":5,"minecraft:grass":64,"minecraft:oak_log":27,"minecraft:sand":41,"minecraft:dirt":88,"minecraft:smooth_quartz":8,"minecraft:stonecutter":1,"minecraft:netherrack":2,"minecraft:piston":8,"minecraft:oak_leaves":9,"minecraft:deepslate":169,"minecraft:redstone_lamp":45,"minecraft:nether_gold_ore":6,"minecraft:tuff":1,"minecraft:deepslate_diamond_ore":2,"minecraft:glow_lichen":1,"minecraft:spruce_fence":8,"cataclysm:chiseled_stone_brick_pillar":47,"minecraft:redstone_wire":12,"minecraft:birch_slab":1,"minecraft:spruce_leaves":75,"minecraft:redstone_ore":8,"minecraft:spruce_sapling":16,"minecraft:furnace":9,"minecraft:carrots":40,"minecraft:andesite":33,"minecraft:gold_block":9,"minecraft:bookshelf":53,"minecraft:potatoes":32,"minecraft:deepslate_iron_ore":17,"minecraft:rail":2,"minecraft:bamboo":9,"minecraft:stone":417,"sophisticatedbackpacks:backpack":1,"minecraft:white_wool":4,"minecraft:redstone_wall_torch":4,"minecraft:smithing_table":1,"minecraft:podzol":2,"minecraft:glass_pane":1,"minecraft:crafting_table":13,"minecraft:lectern":7,"minecraft:stone_slab":1,"minecraft:tall_grass":22,"minecraft:deepslate_gold_ore":18,"minecraft:birch_planks":11,"minecraft:coarse_dirt":1,"minecraft:redstone_torch":1,"minecraft:spruce_log":32,"minecraft:birch_leaves":8,"minecraft:yellow_bed":8,"minecraft:coal_ore":97,"minecraft:gravel":2,"minecraft:cyan_carpet":8,"minecraft:stone_bricks":7,"minecraft:gold_ore":7,"minecraft:fern":1}},"DataVersion":3465}