{"stats":{"minecraft:custom":{"minecraft:interact_with_furnace":13,"minecraft:mob_kills":33,"minecraft:interact_with_crafting_table":24,"minecraft:time_since_death":91662,"minecraft:sleep_in_bed":2,"minecraft:time_since_rest":84325,"minecraft:sprint_one_cm":159321,"minecraft:damage_taken":3155,"minecraft:walk_one_cm":109221,"minecraft:damage_blocked_by_shield":115,"minecraft:drop":46,"minecraft:damage_dealt":4003,"minecraft:swim_one_cm":98073,"minecraft:fly_one_cm":568063,"minecraft:crouch_one_cm":18575,"minecraft:play_time":91662,"tombstone:undead_killed":5,"minecraft:sneak_time":10947,"minecraft:walk_under_water_one_cm":25971,"minecraft:boat_one_cm":205717,"minecraft:jump":2021,"minecraft:interact_with_blast_furnace":16,"minecraft:walk_on_water_one_cm":27667,"minecraft:total_world_time":91662,"minecraft:interact_with_smoker":7,"minecraft:fall_one_cm":77119},"minecraft:used":{"minecraft:diorite":1,"minecraft:water_bucket":236,"minecraft:stone_pickaxe":136,"minecraft:shield":3,"minecraft:wooden_pickaxe":29,"minecraft:white_wool":1,"minecraft:torch":28,"minecraft:dirt":1,"minecraft:crafting_table":9,"minecraft:blast_furnace":3,"minecraft:white_bed":1,"minecraft:tuff":7,"minecraft:smoker":1,"tombstone:bag_of_seeds":1,"minecraft:dark_prismarine":1,"minecraft:iron_axe":55,"minecraft:iron_pickaxe":386,"minecraft:iron_boots":1,"minecraft:gravel":1,"minecraft:stone_axe":76,"minecraft:bow":4,"minecraft:cobblestone":3,"minecraft:cooked_porkchop":8,"minecraft:furnace":3,"minecraft:bucket":238,"minecraft:andesite":4,"alexsmobs:animal_dictionary":1,"minecraft:cherry_log":4,"minecraft:cobbled_deepslate":67},"minecraft:picked_up":{"minecraft:crafting_table":8,"minecraft:glow_ink_sac":6,"minecraft:andesite":4,"minecraft:leather":8,"minecraft:smoker":1,"minecraft:gold_block":1,"minecraft:tuff":8,"minecraft:dirt":1,"minecraft:string":2,"minecraft:flint_and_steel":1,"minecraft:bone":2,"minecraft:bow":3,"minecraft:wheat_seeds":2,"minecraft:cobbled_deepslate":135,"minecraft:smooth_stone":3,"minecraft:raw_gold":56,"minecraft:beef":15,"minecraft:iron_ingot":42,"tombstone:bag_of_seeds":1,"minecraft:iron_pickaxe":1,"minecraft:furnace":3,"minecraft:stick":1,"minecraft:raw_iron":236,"minecraft:cooked_porkchop":26,"minecraft:torch":14,"minecraft:acacia_log":13,"minecraft:gravel":1,"minecraft:porkchop":26,"minecraft:cherry_log":21,"minecraft:diorite":1,"minecraft:blast_furnace":3,"minecraft:white_bed":1,"minecraft:redstone":115,"minecraft:spider_eye":1,"minecraft:dark_prismarine":1,"minecraft:arrow":4,"minecraft:stone_axe":1,"minecraft:diamond":1,"minecraft:beetroot_seeds":2,"minecraft:granite":1,"minecraft:cherry_sapling":3,"minecraft:melon_seeds":1,"minecraft:coal":134,"minecraft:mutton":9,"minecraft:cobblestone":97,"minecraft:white_wool":4},"minecraft:killed":{"minecraft:pig":12,"minecraft:spider":2,"minecraft:sheep":5,"minecraft:skeleton":3,"minecraft:zombie":2,"minecraft:cow":7},"minecraft:broken":{"minecraft:stone_pickaxe":1,"minecraft:iron_pickaxe":1},"minecraft:dropped":{"minecraft:stone_axe":1,"minecraft:wheat_seeds":3,"minecraft:glow_ink_sac":6,"minecraft:tuff":1,"minecraft:torchflower_seeds":5,"minecraft:beetroot_seeds":2,"minecraft:melon_seeds":1,"minecraft:bow":3,"minecraft:wooden_pickaxe":1,"minecraft:redstone":23},"minecraft:mined":{"minecraft:deepslate_redstone_ore":22,"minecraft:tuff":8,"minecraft:acacia_leaves":4,"minecraft:white_bed":1,"minecraft:deepslate_diamond_ore":1,"minecraft:smoker":1,"minecraft:cherry_log":21,"minecraft:crafting_table":8,"minecraft:torch":9,"minecraft:granite":1,"minecraft:acacia_log":15,"minecraft:blast_furnace":3,"minecraft:grass_block":1,"minecraft:sculk_sensor":12,"minecraft:tall_grass":2,"minecraft:cobblestone":4,"minecraft:deepslate_gold_ore":57,"minecraft:sculk":21,"minecraft:wall_torch":4,"minecraft:redstone_ore":4,"minecraft:sculk_catalyst":1,"minecraft:furnace":3,"minecraft:iron_ore":113,"minecraft:cobbled_deepslate":3,"minecraft:andesite":4,"minecraft:gold_block":2,"minecraft:grass":17,"minecraft:cherry_leaves":7,"minecraft:coal_ore":41,"minecraft:deepslate_iron_ore":18,"minecraft:gravel":2,"minecraft:stone":97,"minecraft:gold_ore":1,"minecraft:deepslate":131},"minecraft:crafted":{"minecraft:crafting_table":1,"minecraft:wooden_pickaxe":1,"minecraft:iron_helmet":1,"minecraft:furnace":3,"minecraft:blast_furnace":1,"minecraft:stone":3,"minecraft:bucket":2,"minecraft:stone_axe":1,"minecraft:air":0,"minecraft:iron_boots":1,"minecraft:iron_chestplate":1,"minecraft:shield":1,"minecraft:iron_axe":1,"minecraft:stick":16,"minecraft:iron_ingot":30,"minecraft:iron_pickaxe":1,"minecraft:stone_pickaxe":1,"minecraft:iron_leggings":1,"minecraft:white_bed":1,"minecraft:acacia_planks":24,"minecraft:torch":24,"minecraft:smoker":1}},"DataVersion":3465}