{"stats":{"minecraft:custom":{"minecraft:mob_kills":36,"minecraft:interact_with_crafting_table":43,"minecraft:open_barrel":1,"minecraft:time_since_death":192282,"minecraft:climb_one_cm":4972,"minecraft:sprint_one_cm":375775,"minecraft:walk_one_cm":271217,"minecraft:damage_blocked_by_shield":115,"minecraft:drop":68,"minecraft:talked_to_villager":1,"minecraft:play_time":192282,"minecraft:sneak_time":30415,"minecraft:walk_under_water_one_cm":30138,"minecraft:boat_one_cm":205717,"minecraft:jump":3945,"minecraft:interact_with_blast_furnace":32,"minecraft:walk_on_water_one_cm":49458,"minecraft:total_world_time":192282,"minecraft:interact_with_furnace":21,"minecraft:interact_with_stonecutter":4,"minecraft:sleep_in_bed":4,"minecraft:time_since_rest":13406,"minecraft:damage_taken":6575,"minecraft:damage_dealt":6085,"minecraft:swim_one_cm":119209,"minecraft:fly_one_cm":1138484,"minecraft:open_chest":41,"minecraft:crouch_one_cm":77564,"tombstone:undead_killed":6,"minecraft:interact_with_smoker":18,"minecraft:fall_one_cm":148230},"minecraft:used":{"minecraft:cherry_sapling":3,"minecraft:polished_deepslate":1,"minecraft:diamond_hoe":1,"minecraft:shield":3,"minecraft:torch":68,"minecraft:dirt":1,"minecraft:salmon_bucket":1,"minecraft:tuff":7,"regions_unexplored:hyssop":5,"regions_unexplored:daisy":3,"minecraft:iron_axe":98,"minecraft:iron_boots":1,"minecraft:bow":4,"minecraft:hay_block":1,"minecraft:furnace":5,"minecraft:cobbled_deepslate":175,"minecraft:cherry_log":5,"minecraft:water_bucket":249,"minecraft:diorite":1,"minecraft:stone_pickaxe":136,"minecraft:wooden_pickaxe":29,"minecraft:stonecutter":1,"minecraft:sugar_cane":4,"minecraft:white_wool":1,"minecraft:crafting_table":14,"minecraft:blast_furnace":7,"minecraft:white_bed":2,"minecraft:smoker":6,"tombstone:bag_of_seeds":1,"regions_unexplored:fireweed":4,"minecraft:dark_prismarine":1,"minecraft:iron_pickaxe":757,"regions_unexplored:white_magnolia_shrub":1,"minecraft:gravel":1,"minecraft:stone_axe":77,"minecraft:cobblestone":3,"minecraft:cooked_porkchop":26,"minecraft:bucket":252,"minecraft:andesite":4,"alexsmobs:animal_dictionary":1},"minecraft:picked_up":{"minecraft:crafting_table":11,"minecraft:gold_block":1,"minecraft:string":5,"aether:diamond_gloves":1,"minecraft:flint_and_steel":1,"minecraft:cobbled_deepslate":349,"minecraft:smooth_stone":3,"minecraft:beef":27,"minecraft:iron_pickaxe":1,"minecraft:lectern":1,"minecraft:sugar_cane":4,"minecraft:furnace":5,"minecraft:raw_iron":238,"minecraft:stick":5,"minecraft:polished_deepslate_slab":64,"minecraft:stone":2,"minecraft:oak_fence":2,"minecraft:torch":36,"minecraft:acacia_log":13,"minecraft:porkchop":26,"minecraft:cherry_log":21,"minecraft:diorite":1,"minecraft:redstone":142,"regions_unexplored:daisy":3,"minecraft:arrow":4,"minecraft:beetroot_seeds":2,"minecraft:hay_block":16,"minecraft:gold_ingot":5,"minecraft:mutton":9,"minecraft:cobblestone":127,"minecraft:white_wool":4,"minecraft:glow_ink_sac":6,"minecraft:andesite":4,"regions_unexplored:white_magnolia_shrub":1,"minecraft:leather":8,"minecraft:smoker":5,"minecraft:tuff":9,"minecraft:oak_log":9,"minecraft:dirt":1,"minecraft:cooked_mutton":3,"minecraft:bone":2,"minecraft:stone_bricks":4,"minecraft:bow":3,"minecraft:wheat_seeds":8,"minecraft:raw_gold":69,"minecraft:iron_ingot":54,"tombstone:bag_of_seeds":1,"minecraft:oak_planks":2,"minecraft:cooked_porkchop":26,"minecraft:gravel":1,"minecraft:blast_furnace":8,"minecraft:white_bed":1,"minecraft:spider_eye":2,"minecraft:dark_prismarine":1,"regions_unexplored:hyssop":5,"regions_unexplored:fireweed":4,"minecraft:diamond":2,"minecraft:stone_axe":2,"minecraft:granite":1,"minecraft:cherry_sapling":3,"minecraft:melon_seeds":1,"minecraft:coal":193},"minecraft:broken":{"minecraft:stone_pickaxe":1,"minecraft:iron_pickaxe":2},"minecraft:killed":{"minecraft:spider":3,"minecraft:skeleton":3,"minecraft:pig":12,"minecraft:creeper":1,"minecraft:sheep":5,"minecraft:zombie":3,"minecraft:cow":7},"minecraft:dropped":{"minecraft:wheat_seeds":8,"minecraft:glow_ink_sac":6,"minecraft:granite":1,"minecraft:bone":8,"minecraft:redstone":24,"minecraft:stone_axe":3,"alexsmobs:animal_dictionary":1,"minecraft:cobbled_deepslate":6,"minecraft:tuff":1,"minecraft:polished_deepslate_slab":128,"minecraft:oak_planks":1,"minecraft:torchflower_seeds":5,"minecraft:filled_map":1,"minecraft:beetroot_seeds":2,"minecraft:melon_seeds":1,"minecraft:bow":3,"minecraft:wooden_pickaxe":1},"minecraft:mined":{"minecraft:tuff":9,"minecraft:white_bed":1,"minecraft:deepslate_diamond_ore":2,"minecraft:cherry_log":22,"minecraft:granite":1,"minecraft:acacia_log":15,"minecraft:deepslate_tile_wall":3,"minecraft:grass_block":1,"minecraft:hay_block":16,"minecraft:redstone_ore":4,"minecraft:sculk_catalyst":9,"minecraft:furnace":5,"minecraft:cobbled_deepslate":7,"minecraft:iron_ore":113,"minecraft:fire":4,"minecraft:andesite":4,"minecraft:gold_block":2,"minecraft:sculk_shrieker":9,"minecraft:deepslate_iron_ore":21,"regions_unexplored:medium_grass":2,"warriorsofpastepoch:depositof_forgotten_steel":1,"minecraft:stone":108,"minecraft:deepslate_redstone_ore":26,"minecraft:acacia_leaves":4,"minecraft:smoker":5,"minecraft:soul_fire":5,"minecraft:crafting_table":11,"minecraft:torch":15,"minecraft:blast_furnace":8,"minecraft:sculk_sensor":27,"minecraft:lectern":1,"minecraft:tall_grass":2,"minecraft:cobblestone":4,"minecraft:deepslate_gold_ore":70,"regions_unexplored:daisy":2,"minecraft:sugar_cane":2,"minecraft:sculk":27,"minecraft:wall_torch":20,"minecraft:grass":20,"minecraft:oak_log":9,"minecraft:coal_ore":41,"minecraft:cherry_leaves":7,"minecraft:gravel":6,"minecraft:stone_bricks":5,"minecraft:gold_ore":1,"minecraft:oak_leaves":15,"minecraft:deepslate":376,"regions_unexplored:fireweed":2},"minecraft:crafted":{"minecraft:cherry_planks":16,"minecraft:furnace":8,"minecraft:blast_furnace":1,"minecraft:stone":6,"minecraft:cooked_mutton":6,"minecraft:iron_boots":1,"minecraft:iron_axe":1,"minecraft:stone_pickaxe":1,"minecraft:chest":1,"minecraft:smoker":4,"minecraft:cooked_beef":12,"sophisticatedbackpacks:backpack":1,"minecraft:crafting_table":3,"minecraft:wooden_pickaxe":1,"minecraft:iron_helmet":1,"minecraft:bucket":2,"minecraft:stone_axe":1,"minecraft:air":0,"minecraft:iron_chestplate":1,"minecraft:shield":1,"minecraft:stick":40,"minecraft:iron_ingot":30,"minecraft:iron_pickaxe":2,"minecraft:iron_leggings":1,"minecraft:stonecutter":1,"minecraft:white_bed":1,"minecraft:acacia_planks":36,"minecraft:torch":36}},"DataVersion":3465}