{"stats":{"minecraft:crafted":{"minecraft:oak_planks":4,"minecraft:birch_boat":1,"minecraft:furnace":1,"minecraft:stone_pickaxe":1,"minecraft:chest":1,"minecraft:golden_helmet":1,"minecraft:golden_boots":1,"minecraft:wheat":243,"minecraft:diamond_sword":1,"minecraft:crafting_table":1,"minecraft:wooden_pickaxe":1,"minecraft:birch_planks":48,"minecraft:bread":13,"minecraft:air":0,"minecraft:diamond_pickaxe":1,"minecraft:stick":8,"minecraft:iron_ingot":5,"minecraft:gold_ingot":9,"minecraft:iron_leggings":1},"minecraft:killed_by":{"minecraft:player":3,"minecraft:zombified_piglin":1},"minecraft:broken":{"minecraft:golden_helmet":1,"minecraft:golden_boots":1,"minecraft:golden_pickaxe":1},"minecraft:picked_up":{"minecraft:coarse_dirt":4,"minecraft:wheat":14,"minecraft:purple_wool":3,"minecraft:golden_pickaxe":1,"minecraft:wooden_pickaxe":1,"minecraft:purple_banner":1,"minecraft:cobbled_deepslate":451,"minecraft:smooth_stone":1,"minecraft:oak_boat":1,"minecraft:chest":2,"minecraft:stick":1,"minecraft:raw_iron":15,"minecraft:stone":1,"minecraft:oak_fence":3,"minecraft:torch":6,"minecraft:acacia_log":2,"samurai_dynasty:iron_samurai_helmet_light":1,"epicfight:skillbook":1,"minecraft:porkchop":20,"minecraft:diorite":1,"minecraft:redstone":44,"samurai_dynasty:akaname_tongue":2,"soul_like_armors_reworked:estusflask":2,"minecraft:arrow":3,"minecraft:nether_bricks":1,"minecraft:hay_block":31,"minecraft:mutton":1,"minecraft:white_wool":1,"minecraft:birch_log":12,"wom:diamond_staff":1,"minecraft:tripwire_hook":1,"minecraft:birch_planks":1,"minecraft:tuff":98,"minecraft:oak_log":2,"minecraft:gunpowder":2,"minecraft:yellow_bed":1,"samurai_dynasty:iron_samurai_chestplate_light":1,"minecraft:lapis_lazuli":12,"minecraft:dirt":16,"samurai_dynasty:iron_samurai_leggings":1,"minecraft:bone":3,"minecraft:kelp":16,"minecraft:wheat_seeds":43,"minecraft:raw_gold":11,"minecraft:iron_ingot":5,"minecraft:stone_pickaxe":1,"samurai_dynasty:iron_samurai_boots":1,"minecraft:purple_concrete":6,"minecraft:warped_fungus":1,"minecraft:cooked_porkchop":1,"minecraft:dandelion":2,"minecraft:gravel":1,"minecraft:white_bed":1,"alexsmobs:animal_dictionary":3,"minecraft:diamond":7,"samurai_dynasty:iron_samurai_leggings_light":1,"minecraft:bread":73,"minecraft:warped_roots":1,"tombstone:magic_scroll":1,"minecraft:coal":13},"minecraft:custom":{"minecraft:mob_kills":20,"minecraft:interact_with_anvil":1,"minecraft:interact_with_crafting_table":13,"minecraft:open_barrel":13,"minecraft:bell_ring":8,"minecraft:leave_game":3,"minecraft:time_since_death":0,"minecraft:climb_one_cm":1352,"minecraft:sprint_one_cm":531621,"minecraft:walk_one_cm":626021,"minecraft:drop":7,"minecraft:play_time":113317,"minecraft:deaths":6,"minecraft:sneak_time":269,"minecraft:walk_under_water_one_cm":47150,"minecraft:boat_one_cm":89597,"minecraft:jump":1295,"minecraft:walk_on_water_one_cm":37112,"minecraft:total_world_time":113317,"minecraft:interact_with_furnace":19,"minecraft:time_since_rest":0,"minecraft:damage_taken":8839,"minecraft:damage_dealt":4251,"minecraft:swim_one_cm":56724,"minecraft:player_kills":1,"minecraft:fly_one_cm":309299,"minecraft:open_chest":29,"minecraft:crouch_one_cm":1249,"tombstone:undead_killed":5,"minecraft:fall_one_cm":32093},"minecraft:dropped":{"minecraft:birch_planks":1,"minecraft:wheat_seeds":27,"minecraft:cobbled_deepslate":192,"minecraft:tuff":64,"minecraft:wheat":14},"minecraft:killed":{"minecraft:zombified_piglin":2,"minecraft:skeleton":2,"minecraft:pig":9,"samurai_dynasty:akaname":3,"minecraft:creeper":1,"minecraft:sheep":1,"minecraft:wither_skeleton":1},"minecraft:used":{"minecraft:stone_sword":118,"minecraft:acacia_log":1,"minecraft:chest":1,"soul_like_armors_reworked:estusflask":4,"minecraft:torch":2,"minecraft:dirt":2,"soul_like_armors_reworked:dagger":75,"wom:diamond_staff":57,"minecraft:furnace":1,"tombstone:gift":1,"minecraft:potato":18,"minecraft:cobbled_deepslate":31,"minecraft:iron_leggings":1,"minecraft:golden_boots":1,"minecraft:wheat_seeds":14,"epicfight:skillbook":1,"minecraft:stone_pickaxe":35,"minecraft:birch_boat":1,"minecraft:wooden_pickaxe":6,"cataclysm:chiseled_stone_brick_pillar":34,"minecraft:white_wool":1,"minecraft:crafting_table":1,"minecraft:crossbow":6,"minecraft:diamond_pickaxe":433,"minecraft:bread":38,"minecraft:golden_helmet":1,"minecraft:diamond_sword":72,"minecraft:cooked_porkchop":1,"minecraft:yellow_bed":1,"minecraft:oak_boat":1,"minecraft:golden_pickaxe":41},"minecraft:mined":{"minecraft:tuff":96,"minecraft:white_bed":1,"minecraft:sea_lantern":1,"minecraft:granite":1,"minecraft:acacia_log":2,"minecraft:grass_block":1,"minecraft:kelp":1,"minecraft:hay_block":32,"minecraft:smooth_stone":1,"minecraft:fire":5,"minecraft:nether_sprouts":2,"minecraft:cobbled_deepslate":6,"minecraft:deepslate_lapis_ore":2,"minecraft:deepslate_iron_ore":12,"minecraft:stone":5,"minecraft:deepslate_redstone_ore":6,"minecraft:kelp_plant":1,"minecraft:dandelion":2,"minecraft:oak_fence":2,"minecraft:torch":4,"minecraft:warped_roots":2,"minecraft:chest":2,"minecraft:tall_grass":17,"minecraft:deepslate_gold_ore":10,"minecraft:prismarine":2,"minecraft:prismarine_bricks":3,"minecraft:birch_planks":1,"minecraft:coarse_dirt":1,"minecraft:birch_log":12,"minecraft:wheat":15,"minecraft:blue_ice":1,"minecraft:warped_fungus":1,"minecraft:yellow_bed":1,"minecraft:grass":25,"minecraft:coal_ore":14,"minecraft:oak_log":2,"minecraft:gold_ore":1,"minecraft:oak_leaves":2,"minecraft:deepslate":316}},"DataVersion":3465}