{"stats":{"minecraft:crafted":{"minecraft:oak_planks":4,"minecraft:diamond_sword":1,"minecraft:crafting_table":1,"minecraft:wooden_pickaxe":1,"minecraft:birch_boat":1,"minecraft:furnace":1,"minecraft:birch_planks":48,"minecraft:bread":13,"minecraft:air":0,"minecraft:diamond_pickaxe":1,"minecraft:stick":8,"minecraft:iron_ingot":5,"minecraft:stone_pickaxe":1,"minecraft:chest":1,"minecraft:iron_leggings":1,"minecraft:gold_ingot":9,"minecraft:golden_helmet":1,"minecraft:golden_boots":1,"minecraft:wheat":243},"minecraft:killed_by":{"minecraft:player":2},"minecraft:broken":{"minecraft:golden_helmet":1,"minecraft:golden_boots":1,"minecraft:golden_pickaxe":1},"minecraft:picked_up":{"minecraft:birch_log":12,"wom:diamond_staff":1,"minecraft:coarse_dirt":4,"minecraft:purple_wool":3,"minecraft:golden_pickaxe":1,"minecraft:tripwire_hook":1,"minecraft:wooden_pickaxe":1,"minecraft:birch_planks":1,"minecraft:tuff":98,"minecraft:oak_log":2,"minecraft:yellow_bed":1,"minecraft:gunpowder":2,"samurai_dynasty:iron_samurai_chestplate_light":1,"minecraft:lapis_lazuli":12,"minecraft:dirt":16,"minecraft:purple_banner":1,"samurai_dynasty:iron_samurai_leggings":1,"minecraft:bone":1,"minecraft:kelp":16,"minecraft:wheat_seeds":2,"minecraft:smooth_stone":1,"minecraft:cobbled_deepslate":451,"minecraft:raw_gold":11,"minecraft:iron_ingot":5,"minecraft:stone_pickaxe":1,"minecraft:oak_boat":1,"minecraft:chest":2,"samurai_dynasty:iron_samurai_boots":1,"minecraft:purple_concrete":6,"minecraft:raw_iron":15,"minecraft:stick":1,"minecraft:stone":1,"minecraft:cooked_porkchop":1,"minecraft:oak_fence":3,"minecraft:dandelion":2,"minecraft:torch":6,"minecraft:acacia_log":2,"minecraft:porkchop":20,"epicfight:skillbook":1,"samurai_dynasty:iron_samurai_helmet_light":1,"minecraft:gravel":1,"minecraft:diorite":1,"minecraft:white_bed":1,"minecraft:redstone":44,"alexsmobs:animal_dictionary":3,"minecraft:arrow":1,"minecraft:diamond":7,"minecraft:hay_block":31,"samurai_dynasty:iron_samurai_leggings_light":1,"minecraft:bread":64,"minecraft:coal":12,"minecraft:mutton":1,"minecraft:white_wool":1},"minecraft:custom":{"minecraft:interact_with_furnace":19,"minecraft:interact_with_anvil":1,"minecraft:mob_kills":12,"minecraft:interact_with_crafting_table":13,"minecraft:open_barrel":13,"minecraft:bell_ring":8,"minecraft:leave_game":2,"minecraft:time_since_death":22022,"minecraft:climb_one_cm":1266,"minecraft:time_since_rest":21796,"minecraft:sprint_one_cm":433317,"minecraft:damage_taken":6123,"minecraft:walk_one_cm":465611,"minecraft:drop":5,"minecraft:damage_dealt":2944,"minecraft:swim_one_cm":56724,"minecraft:fly_one_cm":274241,"minecraft:player_kills":1,"minecraft:open_chest":25,"minecraft:crouch_one_cm":32,"minecraft:play_time":96168,"tombstone:undead_killed":1,"minecraft:deaths":4,"minecraft:sneak_time":105,"minecraft:walk_under_water_one_cm":47150,"minecraft:boat_one_cm":89597,"minecraft:jump":1059,"minecraft:walk_on_water_one_cm":37012,"minecraft:total_world_time":96168,"minecraft:fall_one_cm":27294},"minecraft:dropped":{"minecraft:birch_planks":1,"minecraft:cobbled_deepslate":192,"minecraft:tuff":64},"minecraft:killed":{"minecraft:pig":9,"minecraft:creeper":1,"minecraft:sheep":1,"minecraft:skeleton":1},"minecraft:used":{"minecraft:golden_boots":1,"epicfight:skillbook":1,"minecraft:stone_sword":117,"minecraft:acacia_log":1,"minecraft:stone_pickaxe":35,"minecraft:wooden_pickaxe":6,"minecraft:chest":1,"minecraft:birch_boat":1,"soul_like_armors_reworked:estusflask":2,"minecraft:white_wool":1,"minecraft:torch":2,"minecraft:dirt":2,"minecraft:crafting_table":1,"minecraft:crossbow":1,"soul_like_armors_reworked:dagger":75,"minecraft:diamond_pickaxe":433,"minecraft:bread":5,"wom:diamond_staff":8,"minecraft:golden_helmet":1,"minecraft:diamond_sword":72,"minecraft:furnace":1,"minecraft:cooked_porkchop":1,"tombstone:gift":1,"minecraft:yellow_bed":1,"minecraft:oak_boat":1,"minecraft:potato":18,"minecraft:cobbled_deepslate":31,"minecraft:golden_pickaxe":41,"minecraft:iron_leggings":1},"minecraft:mined":{"minecraft:deepslate_redstone_ore":6,"minecraft:tuff":96,"minecraft:white_bed":1,"minecraft:kelp_plant":1,"minecraft:dandelion":2,"minecraft:sea_lantern":1,"minecraft:oak_fence":2,"minecraft:torch":4,"minecraft:granite":1,"minecraft:acacia_log":2,"minecraft:grass_block":1,"minecraft:chest":2,"minecraft:tall_grass":17,"minecraft:deepslate_gold_ore":10,"minecraft:prismarine":2,"minecraft:kelp":1,"minecraft:smooth_stone":1,"minecraft:coarse_dirt":1,"minecraft:prismarine_bricks":3,"minecraft:hay_block":32,"minecraft:birch_planks":1,"minecraft:birch_log":12,"minecraft:cobbled_deepslate":6,"minecraft:fire":3,"minecraft:blue_ice":1,"minecraft:deepslate_lapis_ore":2,"minecraft:yellow_bed":1,"minecraft:grass":25,"minecraft:oak_log":2,"minecraft:coal_ore":14,"minecraft:deepslate_iron_ore":12,"minecraft:stone":5,"minecraft:gold_ore":1,"minecraft:oak_leaves":2,"minecraft:deepslate":316}},"DataVersion":3465}