{"stats":{"minecraft:crafted":{"minecraft:diamond_sword":1,"minecraft:wooden_pickaxe":1,"minecraft:birch_boat":1,"minecraft:furnace":1,"minecraft:birch_planks":48,"minecraft:air":0,"minecraft:diamond_pickaxe":1,"minecraft:stick":8,"minecraft:iron_ingot":5,"minecraft:stone_pickaxe":1,"minecraft:chest":1,"minecraft:iron_leggings":1,"minecraft:gold_ingot":9,"minecraft:golden_helmet":1,"minecraft:golden_boots":1},"minecraft:killed_by":{"minecraft:player":2},"minecraft:broken":{"minecraft:golden_helmet":1,"minecraft:golden_boots":1},"minecraft:picked_up":{"minecraft:birch_log":12,"minecraft:wooden_pickaxe":1,"minecraft:birch_planks":1,"minecraft:tuff":98,"minecraft:oak_log":2,"minecraft:gunpowder":2,"minecraft:lapis_lazuli":12,"minecraft:dirt":1,"samurai_dynasty:iron_samurai_leggings":1,"minecraft:bone":1,"minecraft:kelp":16,"minecraft:cobbled_deepslate":451,"minecraft:raw_gold":11,"minecraft:iron_ingot":2,"minecraft:stone_pickaxe":1,"minecraft:oak_boat":1,"minecraft:chest":1,"minecraft:raw_iron":15,"minecraft:stick":1,"minecraft:stone":1,"minecraft:cooked_porkchop":1,"minecraft:torch":5,"minecraft:gravel":1,"minecraft:diorite":1,"minecraft:redstone":44,"alexsmobs:animal_dictionary":3,"minecraft:arrow":1,"minecraft:diamond":7},"minecraft:custom":{"minecraft:interact_with_furnace":19,"minecraft:mob_kills":2,"minecraft:interact_with_crafting_table":10,"minecraft:open_barrel":7,"minecraft:leave_game":2,"minecraft:time_since_death":1673,"minecraft:time_since_rest":1489,"minecraft:sprint_one_cm":280670,"minecraft:damage_taken":5601,"minecraft:walk_one_cm":260511,"minecraft:drop":5,"minecraft:damage_dealt":1828,"minecraft:swim_one_cm":56724,"minecraft:fly_one_cm":158811,"minecraft:player_kills":1,"minecraft:open_chest":7,"minecraft:crouch_one_cm":24,"minecraft:play_time":72168,"tombstone:undead_killed":1,"minecraft:deaths":3,"minecraft:sneak_time":88,"minecraft:walk_under_water_one_cm":47150,"minecraft:boat_one_cm":89597,"minecraft:jump":755,"minecraft:walk_on_water_one_cm":37012,"minecraft:total_world_time":72168,"minecraft:fall_one_cm":20496},"minecraft:dropped":{"minecraft:birch_planks":1,"minecraft:cobbled_deepslate":192,"minecraft:tuff":64},"minecraft:killed":{"minecraft:creeper":1,"minecraft:skeleton":1},"minecraft:used":{"minecraft:golden_boots":1,"minecraft:stone_pickaxe":35,"minecraft:wooden_pickaxe":6,"minecraft:chest":1,"minecraft:birch_boat":1,"soul_like_armors_reworked:estusflask":2,"minecraft:torch":2,"minecraft:dirt":1,"soul_like_armors_reworked:dagger":75,"minecraft:diamond_pickaxe":433,"minecraft:golden_helmet":1,"minecraft:diamond_sword":72,"minecraft:furnace":1,"minecraft:cooked_porkchop":1,"tombstone:gift":1,"minecraft:oak_boat":1,"minecraft:cobbled_deepslate":31,"minecraft:iron_leggings":1},"minecraft:mined":{"minecraft:deepslate_redstone_ore":6,"minecraft:tuff":96,"minecraft:kelp_plant":1,"minecraft:sea_lantern":1,"minecraft:torch":3,"minecraft:granite":1,"minecraft:grass_block":1,"minecraft:chest":1,"minecraft:deepslate_gold_ore":10,"minecraft:prismarine":2,"minecraft:kelp":1,"minecraft:prismarine_bricks":3,"minecraft:birch_planks":1,"minecraft:birch_log":12,"minecraft:cobbled_deepslate":6,"minecraft:fire":1,"minecraft:blue_ice":1,"minecraft:deepslate_lapis_ore":2,"minecraft:grass":4,"minecraft:oak_log":2,"minecraft:coal_ore":2,"minecraft:deepslate_iron_ore":12,"minecraft:stone":5,"minecraft:gold_ore":1,"minecraft:oak_leaves":2,"minecraft:deepslate":316}},"DataVersion":3465}