{"stats":{"minecraft:crafted":{"minecraft:oak_planks":24,"minecraft:crafting_table":2,"minecraft:wooden_pickaxe":1,"minecraft:iron_helmet":1,"minecraft:iron_sword":1,"minecraft:air":0,"minecraft:oak_boat":1,"minecraft:iron_boots":1,"minecraft:diamond_pickaxe":1,"minecraft:stick":4,"minecraft:iron_ingot":20,"minecraft:iron_leggings":1,"minecraft:torch":4},"minecraft:broken":{"minecraft:iron_boots":1,"minecraft:iron_helmet":1,"minecraft:iron_chestplate":1},"minecraft:picked_up":{"minecraft:crafting_table":1,"minecraft:diamond_sword":1,"minecraft:wooden_pickaxe":1,"minecraft:tuff":4,"minecraft:oak_log":13,"minecraft:lapis_lazuli":5,"minecraft:stone_bricks":1,"minecraft:kelp":1,"minecraft:cobbled_deepslate":9,"minecraft:stone_pickaxe":1,"minecraft:oak_boat":2,"minecraft:prismarine":4,"minecraft:oak_planks":3,"minecraft:raw_iron":18,"minecraft:granite":2,"minecraft:coal":32,"minecraft:cobblestone":1},"minecraft:custom":{"minecraft:interact_with_furnace":23,"minecraft:mob_kills":1,"minecraft:interact_with_crafting_table":14,"minecraft:open_barrel":6,"minecraft:leave_game":3,"minecraft:time_since_death":64174,"minecraft:climb_one_cm":1390,"minecraft:time_since_rest":63648,"minecraft:sprint_one_cm":288258,"minecraft:damage_taken":4616,"minecraft:walk_one_cm":282025,"minecraft:drop":30,"minecraft:damage_dealt":2954,"minecraft:swim_one_cm":189810,"minecraft:fly_one_cm":205875,"minecraft:player_kills":1,"minecraft:open_chest":10,"minecraft:crouch_one_cm":1807,"minecraft:play_time":68955,"minecraft:deaths":1,"minecraft:sneak_time":2112,"minecraft:walk_under_water_one_cm":66069,"minecraft:boat_one_cm":35269,"tombstone:tomb_raiding":2,"minecraft:jump":968,"minecraft:interact_with_blast_furnace":1,"minecraft:walk_on_water_one_cm":35577,"minecraft:total_world_time":68955,"minecraft:fall_one_cm":12756},"minecraft:dropped":{"minecraft:iron_ingot":2,"minecraft:moss_carpet":4,"minecraft:lapis_lazuli":5,"minecraft:cobbled_deepslate":1,"minecraft:diamond":4,"minecraft:tuff":4,"minecraft:raw_iron":5,"minecraft:prismarine":4,"minecraft:granite":8,"minecraft:salmon":6,"minecraft:stick":2,"minecraft:diamond_sword":1,"minecraft:oak_boat":1,"minecraft:flowering_azalea":1,"minecraft:wooden_pickaxe":2,"minecraft:stone_pickaxe":2},"minecraft:killed":{"minecraft:bat":1},"minecraft:used":{"minecraft:water_bucket":147,"minecraft:birch_planks":4,"soul_like_armors_reworked:estusflask":1,"minecraft:torch":4,"minecraft:crafting_table":4,"soul_like_armors_reworked:dagger":41,"minecraft:diamond_pickaxe":75,"wom:iron_staff":183,"minecraft:stone_axe":12,"minecraft:diamond_sword":9,"minecraft:furnace":1,"minecraft:bucket":147,"minecraft:oak_boat":2,"minecraft:kelp":1,"minecraft:cobbled_deepslate":41},"minecraft:mined":{"minecraft:deepslate_diamond_ore":7,"minecraft:torch":1,"minecraft:crafting_table":2,"minecraft:glow_lichen":1,"minecraft:granite":2,"minecraft:cobblestone":1,"minecraft:oak_planks":1,"minecraft:fire":2,"minecraft:deepslate_lapis_ore":1,"minecraft:coal_ore":32,"minecraft:oak_log":13,"minecraft:deepslate_iron_ore":18,"minecraft:cracked_stone_bricks":1,"minecraft:stone_bricks":1,"minecraft:mossy_stone_bricks":1,"minecraft:oak_leaves":2,"minecraft:deepslate":11}},"DataVersion":3465}