{"stats":{"minecraft:crafted":{"minecraft:oak_planks":40,"minecraft:iron_boots":1,"minecraft:crafting_table":4,"minecraft:wooden_pickaxe":1,"minecraft:iron_helmet":1,"minecraft:iron_sword":1,"minecraft:air":0,"minecraft:oak_boat":2,"minecraft:diamond_pickaxe":1,"minecraft:shield":1,"minecraft:stick":4,"minecraft:iron_ingot":20,"minecraft:iron_leggings":1,"minecraft:torch":20,"minecraft:shears":1},"minecraft:killed_by":{"alexsmobs:crimson_mosquito":1},"minecraft:broken":{"minecraft:iron_boots":1,"minecraft:iron_chestplate":1,"wom:golden_staff":1,"minecraft:iron_helmet":1},"minecraft:picked_up":{"minecraft:crafting_table":1,"minecraft:coarse_dirt":2,"minecraft:nether_wart":31,"wom:golden_staff":1,"minecraft:wooden_pickaxe":1,"minecraft:brown_mushroom":10,"minecraft:diamond_sword":1,"minecraft:enchanted_book":1,"minecraft:crimson_planks":2,"minecraft:string":1,"minecraft:cobbled_deepslate":13,"minecraft:oak_boat":2,"minecraft:poppy":1,"minecraft:egg":1,"minecraft:dark_oak_sapling":1,"minecraft:stick":4,"minecraft:raw_iron":21,"minecraft:torch":1,"samurai_dynasty:iron_samurai_helmet_light":2,"sophisticatedbackpacks:backpack":1,"minecraft:porkchop":13,"minecraft:cookie":1,"minecraft:rotten_flesh":1,"sophisticatedbackpacks:copper_backpack":1,"minecraft:cobblestone":2,"minecraft:white_wool":2,"minecraft:crimson_slab":1,"samurai_dynasty:ruby":1,"minecraft:leather":1,"alexsmobs:acacia_blossom":1,"minecraft:birch_planks":2,"minecraft:crimson_fungus":8,"minecraft:tuff":5,"minecraft:oak_log":17,"samurai_dynasty:iron_samurai_boots_light":1,"samurai_dynasty:iron_samurai_chestplate_light":1,"minecraft:lapis_lazuli":5,"minecraft:dirt":16,"samurai_dynasty:steel_ingot":32,"minecraft:stone_bricks":1,"minecraft:kelp":1,"minecraft:wheat_seeds":2,"minecraft:stone_pickaxe":1,"minecraft:iron_ingot":37,"minecraft:cooked_chicken":1,"minecraft:fletching_table":1,"minecraft:prismarine":4,"minecraft:oak_planks":3,"minecraft:cooked_porkchop":1,"minecraft:spruce_log":40,"minecraft:dark_oak_log":10,"samurai_dynasty:oni_horn":1,"samurai_dynasty:iron_samurai_leggings_light":1,"minecraft:granite":2,"minecraft:bread":24,"minecraft:oak_sapling":1,"soul_like_armors_reworked:rustysteel_leggings":1,"minecraft:coal":32,"minecraft:crimson_roots":6},"minecraft:custom":{"minecraft:mob_kills":16,"minecraft:interact_with_crafting_table":24,"minecraft:open_barrel":24,"minecraft:leave_game":5,"minecraft:time_since_death":41927,"minecraft:climb_one_cm":1639,"minecraft:sprint_one_cm":842280,"minecraft:walk_one_cm":926933,"minecraft:damage_blocked_by_shield":105,"minecraft:drop":70,"minecraft:damage_dealt_absorbed":121,"minecraft:talked_to_villager":1,"minecraft:play_time":165843,"minecraft:deaths":3,"minecraft:sneak_time":4284,"minecraft:walk_under_water_one_cm":89965,"minecraft:boat_one_cm":35269,"tombstone:tomb_raiding":2,"minecraft:jump":2731,"minecraft:interact_with_blast_furnace":2,"minecraft:walk_on_water_one_cm":68604,"minecraft:total_world_time":165843,"minecraft:interact_with_furnace":25,"tombstone:raider_killed":4,"minecraft:sleep_in_bed":1,"minecraft:time_since_rest":35382,"minecraft:damage_taken":7081,"minecraft:damage_dealt":6913,"minecraft:swim_one_cm":206933,"minecraft:fly_one_cm":702807,"minecraft:player_kills":1,"minecraft:open_chest":31,"minecraft:crouch_one_cm":7891,"tombstone:undead_killed":2,"minecraft:fall_one_cm":42846},"minecraft:dropped":{"minecraft:water_bucket":1,"minecraft:iron_ingot":26,"minecraft:lapis_lazuli":5,"samurai_dynasty:steel_ingot":32,"minecraft:diamond":4,"minecraft:golden_axe":1,"minecraft:apple":10,"minecraft:granite":8,"minecraft:stick":2,"minecraft:flowering_azalea":1,"minecraft:moss_carpet":4,"samurai_dynasty:iron_samurai_helmet_light":1,"minecraft:golden_chestplate":1,"minecraft:cobbled_deepslate":1,"minecraft:tuff":4,"minecraft:raw_iron":5,"minecraft:prismarine":4,"minecraft:salmon":6,"minecraft:diamond_sword":1,"minecraft:golden_leggings":1,"minecraft:oak_boat":1,"minecraft:wooden_pickaxe":2,"minecraft:stone_pickaxe":2},"minecraft:killed":{"minecraft:iron_golem":1,"minecraft:bat":1,"minecraft:hoglin":5,"alexsmobs:crimson_mosquito":1,"minecraft:pillager":4,"minecraft:zombie":2,"alexsmobs:fly":1},"minecraft:used":{"minecraft:shield":2,"minecraft:cooked_chicken":1,"soul_like_armors_reworked:estusflask":6,"minecraft:rotten_flesh":1,"minecraft:torch":21,"minecraft:dirt":16,"wom:golden_staff":81,"minecraft:golden_chestplate":2,"minecraft:milk_bucket":1,"minecraft:honey_bottle":4,"soul_like_armors_reworked:dagger":41,"wom:iron_staff":255,"minecraft:furnace":1,"tombstone:gift":3,"minecraft:cobbled_deepslate":55,"minecraft:golden_axe":3,"minecraft:water_bucket":148,"minecraft:birch_planks":27,"minecraft:baked_potato":6,"minecraft:cookie":1,"minecraft:crafting_table":6,"minecraft:cod":3,"tombstone:bag_of_seeds":1,"minecraft:diamond_pickaxe":87,"minecraft:apple":5,"minecraft:bread":24,"minecraft:stone_axe":46,"minecraft:diamond_sword":100,"minecraft:cobblestone":1,"minecraft:bucket":148,"minecraft:oak_boat":3,"minecraft:kelp":1},"minecraft:mined":{"minecraft:tuff":1,"minecraft:mossy_cobblestone":1,"minecraft:dark_oak_leaves":26,"minecraft:deepslate_diamond_ore":7,"minecraft:dark_oak_log":10,"minecraft:glow_lichen":1,"minecraft:granite":2,"minecraft:grass_block":2,"minecraft:crimson_roots":6,"minecraft:spruce_leaves":2,"minecraft:crimson_fungus":8,"minecraft:nether_wart":15,"minecraft:cobbled_deepslate":4,"minecraft:fire":2,"minecraft:fletching_table":1,"minecraft:deepslate_lapis_ore":1,"minecraft:twisting_vines":1,"minecraft:deepslate_iron_ore":21,"minecraft:stone":1,"minecraft:podzol":8,"minecraft:brown_mushroom":10,"minecraft:soul_sand":1,"minecraft:powder_snow":8,"minecraft:crafting_table":2,"minecraft:torch":2,"minecraft:crimson_slab":1,"minecraft:tall_grass":6,"minecraft:cobblestone":3,"minecraft:oak_planks":1,"minecraft:birch_planks":2,"minecraft:coarse_dirt":2,"minecraft:spruce_log":21,"minecraft:grass":12,"minecraft:oak_log":17,"minecraft:coal_ore":32,"minecraft:dirt":6,"minecraft:crimson_planks":2,"minecraft:cobweb":1,"minecraft:cracked_stone_bricks":1,"minecraft:stone_bricks":1,"minecraft:mossy_stone_bricks":1,"minecraft:oak_leaves":3,"minecraft:deepslate":11,"minecraft:fern":2}},"DataVersion":3465}