{"stats":{"minecraft:crafted":{"minecraft:oak_planks":24,"minecraft:crafting_table":2,"minecraft:wooden_pickaxe":1,"minecraft:iron_helmet":1,"minecraft:iron_sword":1,"minecraft:air":0,"minecraft:oak_boat":1,"minecraft:iron_boots":1,"minecraft:diamond_pickaxe":1,"minecraft:stick":4,"minecraft:iron_ingot":20,"minecraft:iron_leggings":1,"minecraft:torch":20},"minecraft:broken":{"minecraft:iron_boots":1,"minecraft:iron_helmet":1,"minecraft:iron_chestplate":1},"minecraft:picked_up":{"minecraft:crafting_table":1,"minecraft:wooden_pickaxe":1,"minecraft:diamond_sword":1,"minecraft:birch_planks":2,"minecraft:tuff":4,"minecraft:oak_log":13,"minecraft:lapis_lazuli":5,"minecraft:kelp":1,"minecraft:stone_bricks":1,"minecraft:cobbled_deepslate":10,"minecraft:stone_pickaxe":1,"minecraft:oak_boat":2,"minecraft:prismarine":4,"minecraft:oak_planks":3,"minecraft:dark_oak_sapling":1,"minecraft:stick":2,"minecraft:raw_iron":18,"minecraft:torch":1,"minecraft:spruce_log":14,"minecraft:dark_oak_log":10,"minecraft:granite":2,"minecraft:coal":32,"minecraft:cobblestone":1},"minecraft:custom":{"minecraft:interact_with_furnace":23,"minecraft:mob_kills":1,"minecraft:interact_with_crafting_table":14,"minecraft:open_barrel":6,"minecraft:leave_game":4,"minecraft:time_since_death":78971,"minecraft:climb_one_cm":1390,"minecraft:time_since_rest":78445,"minecraft:sprint_one_cm":350462,"minecraft:damage_taken":4616,"minecraft:walk_one_cm":332775,"minecraft:drop":30,"minecraft:damage_dealt":2954,"minecraft:swim_one_cm":192604,"minecraft:fly_one_cm":275828,"minecraft:player_kills":1,"minecraft:open_chest":12,"minecraft:crouch_one_cm":1807,"minecraft:play_time":83752,"minecraft:deaths":1,"minecraft:sneak_time":2246,"minecraft:walk_under_water_one_cm":84660,"minecraft:boat_one_cm":35269,"tombstone:tomb_raiding":2,"minecraft:jump":1199,"minecraft:interact_with_blast_furnace":1,"minecraft:walk_on_water_one_cm":39031,"minecraft:total_world_time":83752,"minecraft:fall_one_cm":16601},"minecraft:dropped":{"minecraft:iron_ingot":2,"minecraft:moss_carpet":4,"minecraft:lapis_lazuli":5,"minecraft:cobbled_deepslate":1,"minecraft:diamond":4,"minecraft:tuff":4,"minecraft:raw_iron":5,"minecraft:prismarine":4,"minecraft:granite":8,"minecraft:salmon":6,"minecraft:stick":2,"minecraft:diamond_sword":1,"minecraft:oak_boat":1,"minecraft:flowering_azalea":1,"minecraft:wooden_pickaxe":2,"minecraft:stone_pickaxe":2},"minecraft:killed":{"minecraft:bat":1},"minecraft:used":{"minecraft:water_bucket":148,"minecraft:birch_planks":25,"minecraft:baked_potato":3,"soul_like_armors_reworked:estusflask":1,"minecraft:torch":21,"minecraft:crafting_table":4,"minecraft:cod":3,"minecraft:milk_bucket":1,"soul_like_armors_reworked:dagger":41,"minecraft:diamond_pickaxe":76,"wom:iron_staff":183,"minecraft:stone_axe":29,"minecraft:diamond_sword":9,"minecraft:furnace":1,"minecraft:bucket":148,"minecraft:oak_boat":2,"minecraft:kelp":1,"minecraft:cobbled_deepslate":45},"minecraft:mined":{"minecraft:dark_oak_leaves":26,"minecraft:deepslate_diamond_ore":7,"minecraft:dark_oak_log":10,"minecraft:crafting_table":2,"minecraft:glow_lichen":1,"minecraft:torch":2,"minecraft:granite":2,"minecraft:cobblestone":1,"minecraft:oak_planks":1,"minecraft:birch_planks":2,"minecraft:cobbled_deepslate":1,"minecraft:fire":2,"minecraft:spruce_log":5,"minecraft:deepslate_lapis_ore":1,"minecraft:oak_log":13,"minecraft:coal_ore":32,"minecraft:deepslate_iron_ore":18,"minecraft:cracked_stone_bricks":1,"minecraft:stone_bricks":1,"minecraft:mossy_stone_bricks":1,"minecraft:oak_leaves":2,"minecraft:deepslate":11}},"DataVersion":3465}