{"stats":{"minecraft:crafted":{"minecraft:oak_planks":40,"minecraft:crafting_table":4,"minecraft:wooden_pickaxe":1,"minecraft:iron_helmet":1,"minecraft:iron_sword":1,"minecraft:air":0,"minecraft:oak_boat":2,"minecraft:iron_boots":1,"minecraft:diamond_pickaxe":1,"minecraft:stick":4,"minecraft:iron_ingot":20,"minecraft:iron_leggings":1,"minecraft:torch":20},"minecraft:broken":{"minecraft:iron_boots":1,"minecraft:iron_helmet":1,"minecraft:iron_chestplate":1},"minecraft:killed_by":{"alexsmobs:crimson_mosquito":1},"minecraft:picked_up":{"minecraft:crafting_table":1,"minecraft:nether_wart":31,"wom:golden_staff":1,"samurai_dynasty:ruby":1,"minecraft:leather":1,"minecraft:wooden_pickaxe":1,"minecraft:diamond_sword":1,"minecraft:birch_planks":2,"minecraft:crimson_planks":2,"minecraft:crimson_fungus":8,"minecraft:tuff":4,"samurai_dynasty:iron_samurai_boots_light":1,"minecraft:oak_log":17,"minecraft:string":1,"samurai_dynasty:iron_samurai_chestplate_light":1,"minecraft:lapis_lazuli":5,"samurai_dynasty:steel_ingot":32,"minecraft:kelp":1,"minecraft:stone_bricks":1,"minecraft:cobbled_deepslate":10,"minecraft:iron_ingot":37,"minecraft:stone_pickaxe":1,"minecraft:oak_boat":2,"minecraft:fletching_table":1,"minecraft:poppy":1,"minecraft:prismarine":4,"minecraft:oak_planks":3,"minecraft:dark_oak_sapling":1,"minecraft:stick":2,"minecraft:raw_iron":18,"minecraft:cooked_porkchop":1,"minecraft:torch":1,"minecraft:porkchop":13,"sophisticatedbackpacks:backpack":1,"samurai_dynasty:iron_samurai_helmet_light":2,"minecraft:spruce_log":40,"minecraft:dark_oak_log":10,"samurai_dynasty:oni_horn":1,"samurai_dynasty:iron_samurai_leggings_light":1,"minecraft:granite":2,"minecraft:bread":24,"sophisticatedbackpacks:copper_backpack":1,"minecraft:coal":32,"minecraft:crimson_slab":1,"minecraft:crimson_roots":6,"minecraft:cobblestone":1},"minecraft:custom":{"minecraft:interact_with_furnace":25,"minecraft:mob_kills":7,"minecraft:interact_with_crafting_table":22,"minecraft:open_barrel":24,"minecraft:leave_game":4,"minecraft:time_since_death":3352,"minecraft:climb_one_cm":1546,"minecraft:time_since_rest":2380,"minecraft:sprint_one_cm":450812,"minecraft:damage_taken":5564,"minecraft:walk_one_cm":519590,"minecraft:drop":59,"minecraft:damage_dealt":5283,"minecraft:damage_dealt_absorbed":121,"minecraft:talked_to_villager":1,"minecraft:swim_one_cm":192810,"minecraft:fly_one_cm":354440,"minecraft:player_kills":1,"minecraft:open_chest":16,"minecraft:crouch_one_cm":3239,"minecraft:play_time":107752,"minecraft:deaths":2,"minecraft:sneak_time":2774,"minecraft:walk_under_water_one_cm":86078,"minecraft:boat_one_cm":35269,"tombstone:tomb_raiding":2,"minecraft:jump":1471,"minecraft:interact_with_blast_furnace":2,"minecraft:walk_on_water_one_cm":39133,"minecraft:total_world_time":107752,"minecraft:fall_one_cm":24075},"minecraft:dropped":{"minecraft:iron_ingot":26,"minecraft:moss_carpet":4,"samurai_dynasty:iron_samurai_helmet_light":1,"minecraft:lapis_lazuli":5,"minecraft:golden_chestplate":1,"minecraft:cobbled_deepslate":1,"samurai_dynasty:steel_ingot":32,"minecraft:diamond":4,"minecraft:tuff":4,"minecraft:raw_iron":5,"minecraft:golden_axe":1,"minecraft:prismarine":4,"minecraft:granite":8,"minecraft:salmon":6,"minecraft:stick":2,"minecraft:diamond_sword":1,"minecraft:golden_leggings":1,"minecraft:oak_boat":1,"minecraft:flowering_azalea":1,"minecraft:wooden_pickaxe":2,"minecraft:stone_pickaxe":2},"minecraft:killed":{"minecraft:iron_golem":1,"minecraft:bat":1,"minecraft:hoglin":5},"minecraft:used":{"minecraft:water_bucket":148,"minecraft:birch_planks":27,"minecraft:baked_potato":6,"soul_like_armors_reworked:estusflask":3,"minecraft:torch":21,"minecraft:crafting_table":6,"wom:golden_staff":42,"minecraft:golden_chestplate":2,"minecraft:cod":3,"minecraft:milk_bucket":1,"soul_like_armors_reworked:dagger":41,"minecraft:diamond_pickaxe":76,"minecraft:bread":6,"wom:iron_staff":220,"minecraft:stone_axe":46,"minecraft:diamond_sword":78,"minecraft:furnace":1,"minecraft:bucket":148,"minecraft:oak_boat":3,"minecraft:kelp":1,"minecraft:cobbled_deepslate":48,"minecraft:golden_axe":3},"minecraft:mined":{"minecraft:soul_sand":1,"minecraft:dark_oak_leaves":26,"minecraft:deepslate_diamond_ore":7,"minecraft:dark_oak_log":10,"minecraft:crafting_table":2,"minecraft:glow_lichen":1,"minecraft:torch":2,"minecraft:granite":2,"minecraft:crimson_slab":1,"minecraft:crimson_roots":6,"minecraft:cobblestone":1,"minecraft:crimson_fungus":8,"minecraft:oak_planks":1,"minecraft:nether_wart":15,"minecraft:birch_planks":2,"minecraft:cobbled_deepslate":1,"minecraft:fire":2,"minecraft:spruce_log":21,"minecraft:fletching_table":1,"minecraft:deepslate_lapis_ore":1,"minecraft:twisting_vines":1,"minecraft:oak_log":17,"minecraft:coal_ore":32,"minecraft:deepslate_iron_ore":18,"minecraft:crimson_planks":2,"minecraft:cobweb":1,"minecraft:cracked_stone_bricks":1,"minecraft:stone_bricks":1,"minecraft:mossy_stone_bricks":1,"minecraft:oak_leaves":2,"minecraft:deepslate":11}},"DataVersion":3465}